CREATE DATABASE  IF NOT EXISTS `dbibm` /*!40100 DEFAULT CHARACTER SET utf8 */ /*!80016 DEFAULT ENCRYPTION='N' */;
USE `dbibm`;
-- MySQL dump 10.13  Distrib 8.0.21, for Win64 (x86_64)
--
-- Host: 127.0.0.1    Database: dbibm
-- ------------------------------------------------------
-- Server version	8.0.21

/*!40101 SET @OLD_CHARACTER_SET_CLIENT=@@CHARACTER_SET_CLIENT */;
/*!40101 SET @OLD_CHARACTER_SET_RESULTS=@@CHARACTER_SET_RESULTS */;
/*!40101 SET @OLD_COLLATION_CONNECTION=@@COLLATION_CONNECTION */;
/*!50503 SET NAMES utf8 */;
/*!40103 SET @OLD_TIME_ZONE=@@TIME_ZONE */;
/*!40103 SET TIME_ZONE='+00:00' */;
/*!40014 SET @OLD_UNIQUE_CHECKS=@@UNIQUE_CHECKS, UNIQUE_CHECKS=0 */;
/*!40014 SET @OLD_FOREIGN_KEY_CHECKS=@@FOREIGN_KEY_CHECKS, FOREIGN_KEY_CHECKS=0 */;
/*!40101 SET @OLD_SQL_MODE=@@SQL_MODE, SQL_MODE='NO_AUTO_VALUE_ON_ZERO' */;
/*!40111 SET @OLD_SQL_NOTES=@@SQL_NOTES, SQL_NOTES=0 */;

--
-- Table structure for table `academicmodules`
--

DROP TABLE IF EXISTS `academicmodules`;
/*!40101 SET @saved_cs_client     = @@character_set_client */;
/*!50503 SET character_set_client = utf8mb4 */;
CREATE TABLE `academicmodules` (
  `ID` int NOT NULL,
  `academicID` int NOT NULL,
  `moduleID` int NOT NULL,
  PRIMARY KEY (`ID`),
  KEY `fk_academicModules_modules_idx` (`moduleID`),
  KEY `fk_academicModules_academics_idx` (`academicID`),
  CONSTRAINT `fk_academicModules_academics` FOREIGN KEY (`academicID`) REFERENCES `academics` (`academicID`),
  CONSTRAINT `fk_academicModules_modules` FOREIGN KEY (`moduleID`) REFERENCES `modules` (`moduleID`)
) ENGINE=InnoDB DEFAULT CHARSET=utf8;
/*!40101 SET character_set_client = @saved_cs_client */;

--
-- Dumping data for table `academicmodules`
--

LOCK TABLES `academicmodules` WRITE;
/*!40000 ALTER TABLE `academicmodules` DISABLE KEYS */;
INSERT INTO `academicmodules` VALUES (1,931,1),(2,931,2),(3,916,3),(4,926,4),(5,926,5),(6,916,6),(7,916,7),(8,921,8),(9,906,9),(10,931,10),(11,906,11),(12,906,12),(13,916,13),(14,906,14),(15,921,15),(16,911,16),(17,901,17),(18,901,18),(19,921,19),(20,906,20),(21,906,21),(22,906,22),(23,921,23),(24,931,24),(25,911,25),(26,916,26),(27,926,27),(28,906,28),(29,916,29),(30,921,30),(31,931,31),(32,906,32),(33,901,33),(34,906,34),(35,916,35),(36,921,36),(37,911,37),(38,912,38),(39,907,39),(40,912,40),(41,912,41),(42,927,42),(43,927,43),(44,927,44),(45,902,45),(46,902,46),(47,917,47),(48,922,48),(49,922,49),(50,902,50),(51,927,51),(52,902,52),(53,907,53),(54,927,54),(55,922,55),(56,907,56),(57,907,57),(58,912,58),(59,912,59),(60,902,60),(61,907,61),(62,927,62),(63,927,63),(64,912,64),(65,922,65),(66,927,66),(67,927,67),(68,927,68),(69,912,69),(70,912,70),(71,927,71),(72,927,72),(73,907,73),(74,907,74),(75,908,75),(76,923,76),(77,903,77),(78,928,78),(79,903,79),(80,913,80),(81,923,81),(82,913,82),(83,903,83),(84,928,84),(85,903,85),(86,913,86),(87,928,87),(88,928,88),(89,903,89),(90,908,90),(91,923,91),(92,918,92),(93,903,93),(94,923,94),(95,908,95),(96,923,96),(97,908,97),(98,908,98),(99,928,99),(100,918,100),(101,913,101),(102,918,102),(103,913,103),(104,923,104),(105,903,105),(106,903,106),(107,913,107),(108,928,108),(109,928,109),(110,923,110),(111,928,111),(112,929,112),(113,914,113),(114,904,114),(115,904,115),(116,904,116),(117,914,117),(118,914,118),(119,914,119),(120,929,120),(121,929,121),(122,914,122),(123,914,123),(124,924,124),(125,914,125),(126,909,126),(127,914,127),(128,909,128),(129,929,129),(130,924,130),(131,929,131),(132,914,132),(133,904,133),(134,929,134),(135,904,135),(136,919,136),(137,924,137),(138,924,138),(139,909,139),(140,909,140),(141,924,141),(142,924,142),(143,929,143),(144,919,144),(145,904,145),(146,924,146),(147,904,147),(148,924,148),(149,910,149),(150,920,150),(151,920,151),(152,920,152),(153,925,153),(154,925,154),(155,930,155),(156,925,156),(157,910,157),(158,930,158),(159,920,159),(160,910,160),(161,915,161),(162,915,162),(163,925,163),(164,915,164),(165,910,165),(166,930,166),(167,915,167),(168,925,168),(169,905,169),(170,930,170),(171,920,171),(172,925,172),(173,930,173),(174,905,174),(175,930,175),(176,910,176),(177,910,177),(178,915,178),(179,920,179),(180,905,180),(181,910,181),(182,925,182),(183,905,183),(184,930,184),(185,910,185);
/*!40000 ALTER TABLE `academicmodules` ENABLE KEYS */;
UNLOCK TABLES;

--
-- Table structure for table `academics`
--

DROP TABLE IF EXISTS `academics`;
/*!40101 SET @saved_cs_client     = @@character_set_client */;
/*!50503 SET character_set_client = utf8mb4 */;
CREATE TABLE `academics` (
  `academicID` int NOT NULL,
  `universityID` int NOT NULL,
  `first_name` varchar(45) NOT NULL,
  `last_name` varchar(45) NOT NULL,
  `prefix` varchar(6) DEFAULT NULL,
  `email` varchar(45) NOT NULL,
  PRIMARY KEY (`academicID`),
  UNIQUE KEY `email_UNIQUE` (`email`),
  KEY `universityID_idx` (`universityID`),
  CONSTRAINT `fk_academics_universities` FOREIGN KEY (`universityID`) REFERENCES `universities` (`universityID`),
  CONSTRAINT `fk_academics_users` FOREIGN KEY (`academicID`) REFERENCES `users` (`id`)
) ENGINE=InnoDB DEFAULT CHARSET=utf8;
/*!40101 SET character_set_client = @saved_cs_client */;

--
-- Dumping data for table `academics`
--

LOCK TABLES `academics` WRITE;
/*!40000 ALTER TABLE `academics` DISABLE KEYS */;
INSERT INTO `academics` VALUES (901,18643,'Kalie','Lace','Dr.','kalie.lace@ucl.ac.uk'),(902,28453,'Alysia','Scripture','','alysia.scripture@imperial.ac.uk'),(903,43920,'Madelon','Spickett','Dr.','madelon.spickett@warwick.ac.uk'),(904,32145,'Ilyssa','Race','Dr.','ilyssa.race@surrey.ac.uk'),(905,76543,'Aldous','Catcheside','Dr.','aldous.catcheside@bath.ac.uk'),(906,18643,'Alyson','Ackred','Prof.','alyson.ackred@ucl.ac.uk'),(907,28453,'Carola','Strattan','Prof.','carola.strattan@imperial.ac.uk'),(908,43920,'Letty','Dagger','','letty.dagger@warwick.ac.uk'),(909,32145,'Gordan','Spaice','','gordan.spaice@surrey.ac.uk'),(910,76543,'Shanon','Andreaccio','Prof.','shanon.andreaccio@bath.ac.uk'),(911,18643,'Laurens','Bestman','','laurens.bestman@ucl.ac.uk'),(912,28453,'Derron','MacGowan','Prof.','derron.macgowan@imperial.ac.uk'),(913,43920,'Nicky','Robeson','','nicky.robeson@warwick.ac.uk'),(914,32145,'Norbie','Boddam','','norbie.boddam@surrey.ac.uk'),(915,76543,'Jocelyn','Shermar','Prof.','jocelyn.shermar@bath.ac.uk'),(916,18643,'Farica','Richardes','Prof.','farica.richardes@ucl.ac.uk'),(917,28453,'Nina','Middiff','','nina.middiff@imperial.ac.uk'),(918,43920,'Moore','Bottinelli','Dr.','moore.bottinelli@warwick.ac.uk'),(919,32145,'Sheba','Rheubottom','','sheba.rheubottom@surrey.ac.uk'),(920,76543,'Natala','Fawdrie','Prof.','natala.fawdrie@bath.ac.uk'),(921,18643,'Genvieve','Menco','Dr.','genvieve.menco@ucl.ac.uk'),(922,28453,'Mackenzie','Eke','Dr.','mackenzie.eke@imperial.ac.uk'),(923,43920,'Ailina','Winear','','ailina.winear@warwick.ac.uk'),(924,32145,'Hamlen','Bentzen','Prof.','hamlen.bentzen@surrey.ac.uk'),(925,76543,'Karee','Gronou','','karee.gronou@bath.ac.uk'),(926,18643,'Sonny','Cluatt','Prof.','sonny.cluatt@ucl.ac.uk'),(927,28453,'Josselyn','Iveans','Prof.','josselyn.iveans@imperial.ac.uk'),(928,43920,'Nola','MacCrossan','','nola.maccrossan@warwick.ac.uk'),(929,32145,'Elsworth','Dungee','','elsworth.dungee@surrey.ac.uk'),(930,76543,'Karalynn','Hearl','Dr.','karalynn.hearl@bath.ac.uk'),(931,18643,'David','Tennant','Dr.','david.tennant@ucl.ac.uk');
/*!40000 ALTER TABLE `academics` ENABLE KEYS */;
UNLOCK TABLES;

--
-- Table structure for table `achievements`
--

DROP TABLE IF EXISTS `achievements`;
/*!40101 SET @saved_cs_client     = @@character_set_client */;
/*!50503 SET character_set_client = utf8mb4 */;
CREATE TABLE `achievements` (
  `id` int NOT NULL AUTO_INCREMENT,
  `name` varchar(45) NOT NULL,
  `description` varchar(200) NOT NULL,
  `icon_src` varchar(45) NOT NULL,
  PRIMARY KEY (`id`)
) ENGINE=InnoDB AUTO_INCREMENT=8 DEFAULT CHARSET=utf8;
/*!40101 SET character_set_client = @saved_cs_client */;

--
-- Dumping data for table `achievements`
--

LOCK TABLES `achievements` WRITE;
/*!40000 ALTER TABLE `achievements` DISABLE KEYS */;
INSERT INTO `achievements` VALUES (1,'Collaborator','Reply to a comment.','speech_bubble.png'),(2,'On Fire','Achieve 5 kudos on a single comment.','tinder.png'),(3,'Inquisitive','Ask your first question.','inquisitive.png'),(4,'Scholar','Achieve 10 total kudos.','launchpad.png'),(5,'Refined','Bookmark a thread.','bookmark.png'),(6,'Share The Love','Give kudos on 10 comments.','sun.png'),(7,'Omniscient','Make 5 contributions.','star.png');
/*!40000 ALTER TABLE `achievements` ENABLE KEYS */;
UNLOCK TABLES;

--
-- Table structure for table `analytics`
--

DROP TABLE IF EXISTS `analytics`;
/*!40101 SET @saved_cs_client     = @@character_set_client */;
/*!50503 SET character_set_client = utf8mb4 */;
CREATE TABLE `analytics` (
  `id` int NOT NULL AUTO_INCREMENT,
  `studentID` int NOT NULL,
  `action` varchar(45) COLLATE utf8_bin NOT NULL,
  `timestamp` datetime NOT NULL,
  PRIMARY KEY (`id`),
  KEY `fk_analytics_students_idx` (`studentID`),
  CONSTRAINT `fk_analytics_students` FOREIGN KEY (`studentID`) REFERENCES `students` (`studentID`)
) ENGINE=InnoDB AUTO_INCREMENT=1614 DEFAULT CHARSET=utf8 COLLATE=utf8_bin;
/*!40101 SET character_set_client = @saved_cs_client */;

--
-- Dumping data for table `analytics`
--

LOCK TABLES `analytics` WRITE;
/*!40000 ALTER TABLE `analytics` DISABLE KEYS */;
INSERT INTO `analytics` VALUES (738,1,'loadParticipants','2020-09-18 11:14:29'),(739,1,'loadCourses','2020-09-18 11:15:04'),(740,1,'loadParticipants','2020-09-18 11:15:05'),(741,1,'loadCourses','2020-09-18 11:15:59'),(742,1,'loadParticipants','2020-09-18 11:16:00'),(743,1,'loadCourses','2020-09-18 11:16:14'),(744,1,'loadParticipants','2020-09-18 11:16:15'),(745,1,'loadParticipants','2020-09-18 11:16:21'),(746,1,'loadProfile','2020-09-18 11:16:28'),(747,1,'loadAchievements','2020-09-18 11:16:28'),(748,1,'loadBookmarks','2020-09-18 11:16:28'),(749,1,'loadCourses','2020-09-18 11:24:31'),(750,1,'loadCourses','2020-09-18 11:25:13'),(751,1,'loadCourses','2020-09-18 11:25:39'),(752,1,'loadProfile','2020-09-18 11:25:40'),(753,1,'loadAchievements','2020-09-18 11:25:40'),(754,1,'loadBookmarks','2020-09-18 11:25:40'),(755,1,'loadProfile','2020-09-18 11:26:54'),(756,1,'loadAchievements','2020-09-18 11:26:55'),(757,1,'loadBookmarks','2020-09-18 11:26:55'),(758,1,'loadProfile','2020-09-18 11:27:09'),(759,1,'loadBookmarks','2020-09-18 11:27:09'),(760,1,'loadAchievements','2020-09-18 11:27:10'),(761,1,'loadThreadComments','2020-09-18 11:27:17'),(762,1,'loadCourses','2020-09-18 11:27:28'),(763,1,'loadParticipants','2020-09-18 11:27:30'),(764,1,'loadProfile','2020-09-18 11:27:31'),(765,1,'loadAchievements','2020-09-18 11:27:31'),(766,1,'loadBookmarks','2020-09-18 11:27:31'),(767,1,'loadProfile','2020-09-18 11:27:34'),(768,1,'loadAchievements','2020-09-18 11:27:35'),(769,1,'loadBookmarks','2020-09-18 11:27:35'),(770,1,'loadCourses','2020-09-18 11:28:40'),(771,1,'loadParticipants','2020-09-18 11:28:41'),(772,1,'loadCourses','2020-09-18 11:28:58'),(773,1,'loadParticipants','2020-09-18 11:28:58'),(774,1,'loadCourses','2020-09-18 11:29:10'),(775,1,'loadParticipants','2020-09-18 11:29:11'),(776,1,'loadCourses','2020-09-18 11:32:02'),(777,1,'loadParticipants','2020-09-18 11:32:03'),(778,1,'loadCourses','2020-09-18 11:32:23'),(779,1,'loadCourses','2020-09-18 11:51:30'),(780,1,'loadCourses','2020-09-18 11:51:45'),(781,1,'loadProfile','2020-09-18 11:51:47'),(782,1,'loadBookmarks','2020-09-18 11:51:47'),(783,1,'loadAchievements','2020-09-18 11:51:47'),(784,1,'loadProfile','2020-09-18 11:51:49'),(785,1,'loadAchievements','2020-09-18 11:51:49'),(786,1,'loadBookmarks','2020-09-18 11:51:49'),(787,1,'loadProfile','2020-09-18 11:52:55'),(788,1,'loadAchievements','2020-09-18 11:52:55'),(789,1,'loadBookmarks','2020-09-18 11:52:55'),(790,4,'login','2020-09-18 11:53:27'),(791,4,'loadCourses','2020-09-18 11:53:27'),(792,4,'loadProfile','2020-09-18 11:53:32'),(793,4,'loadAchievements','2020-09-18 11:53:32'),(794,4,'loadBookmarks','2020-09-18 11:53:32'),(795,4,'loadProfile','2020-09-18 11:55:31'),(796,4,'loadAchievements','2020-09-18 11:55:31'),(797,4,'loadBookmarks','2020-09-18 11:55:31'),(798,4,'loadCourses','2020-09-18 11:55:32'),(799,4,'loadProfile','2020-09-18 11:55:55'),(800,4,'loadAchievements','2020-09-18 11:55:55'),(801,4,'loadBookmarks','2020-09-18 11:55:55'),(802,4,'loadCourses','2020-09-18 11:55:55'),(803,4,'loadProfile','2020-09-18 11:56:19'),(804,4,'loadAchievements','2020-09-18 11:56:19'),(805,4,'loadBookmarks','2020-09-18 11:56:19'),(806,4,'loadCourses','2020-09-18 11:56:19'),(807,4,'loadBookmarks','2020-09-18 11:56:31'),(808,4,'loadProfile','2020-09-18 11:56:31'),(809,4,'loadAchievements','2020-09-18 11:56:31'),(810,4,'loadCourses','2020-09-18 11:56:32'),(811,4,'loadProfile','2020-09-18 11:57:01'),(812,4,'loadAchievements','2020-09-18 11:57:01'),(813,4,'loadBookmarks','2020-09-18 11:57:01'),(814,4,'loadCourses','2020-09-18 11:57:02'),(815,4,'loadProfile','2020-09-18 11:58:47'),(816,4,'loadAchievements','2020-09-18 11:58:47'),(817,4,'loadBookmarks','2020-09-18 11:58:47'),(818,4,'loadCourses','2020-09-18 11:58:48'),(819,4,'loadProfile','2020-09-18 11:59:19'),(820,4,'loadAchievements','2020-09-18 11:59:19'),(821,4,'loadBookmarks','2020-09-18 11:59:19'),(822,4,'loadCourses','2020-09-18 11:59:19'),(823,4,'loadProfile','2020-09-18 11:59:36'),(824,4,'loadAchievements','2020-09-18 11:59:36'),(825,4,'loadBookmarks','2020-09-18 11:59:36'),(826,4,'loadCourses','2020-09-18 11:59:37'),(827,4,'loadProfile','2020-09-18 11:59:50'),(828,4,'loadAchievements','2020-09-18 11:59:50'),(829,4,'loadBookmarks','2020-09-18 11:59:50'),(830,4,'loadCourses','2020-09-18 11:59:51'),(831,4,'loadProfile','2020-09-18 12:00:08'),(832,4,'loadAchievements','2020-09-18 12:00:08'),(833,4,'loadBookmarks','2020-09-18 12:00:08'),(834,4,'loadCourses','2020-09-18 12:00:09'),(835,4,'loadCourses','2020-09-18 12:00:27'),(836,4,'loadParticipants','2020-09-18 12:00:28'),(837,4,'loadParticipants','2020-09-18 12:00:31'),(838,4,'loadThreads','2020-09-18 12:00:42'),(839,4,'loadThreadComments','2020-09-18 12:00:44'),(840,4,'bookmarkThread','2020-09-18 12:00:46'),(841,4,'loadParticipants','2020-09-18 12:01:22'),(842,4,'loadThreads','2020-09-18 12:01:24'),(843,4,'loadParticipants','2020-09-18 12:01:32'),(844,4,'loadThreads','2020-09-18 12:01:34'),(845,4,'loadThreadComments','2020-09-18 12:01:36'),(846,4,'loadThreads','2020-09-18 12:01:38'),(847,4,'loadCourses','2020-09-18 12:02:26'),(848,4,'loadCourses','2020-09-18 12:02:27'),(849,4,'loadParticipants','2020-09-18 12:02:27'),(850,4,'loadParticipants','2020-09-18 12:02:31'),(851,4,'loadThreads','2020-09-18 12:02:34'),(852,4,'loadThreadComments','2020-09-18 12:02:36'),(853,4,'loadThreadComments','2020-09-18 12:03:04'),(854,4,'loadCourses','2020-09-18 12:03:04'),(855,4,'loadCourses','2020-09-18 12:03:04'),(856,4,'loadParticipants','2020-09-18 12:03:05'),(857,4,'loadParticipants','2020-09-18 12:03:07'),(858,4,'loadThreads','2020-09-18 12:03:08'),(859,4,'loadThreadComments','2020-09-18 12:03:09'),(860,4,'loadProfile','2020-09-18 12:03:18'),(861,4,'loadAchievements','2020-09-18 12:03:18'),(862,4,'loadBookmarks','2020-09-18 12:03:18'),(863,4,'loadThreadComments','2020-09-18 12:03:37'),(864,1,'login','2020-09-18 12:15:33'),(865,1,'loadCourses','2020-09-18 12:15:34'),(866,1,'loadParticipants','2020-09-18 12:15:39'),(867,1,'loadThreads','2020-09-18 12:15:55'),(868,1,'loadParticipants','2020-09-18 12:16:00'),(869,1,'loadThreads','2020-09-18 12:16:21'),(870,1,'loadThreadComments','2020-09-18 12:16:24'),(871,1,'loadThreads','2020-09-18 12:16:27'),(872,1,'loadThreadComments','2020-09-18 12:16:28'),(873,1,'loadThreadComments','2020-09-18 12:16:35'),(874,1,'loadThreads','2020-09-18 12:17:52'),(875,1,'loadProfile','2020-09-18 12:17:57'),(876,1,'loadBookmarks','2020-09-18 12:17:57'),(877,1,'loadAchievements','2020-09-18 12:17:57'),(878,1,'loadProfile','2020-09-18 12:17:59'),(879,1,'loadAchievements','2020-09-18 12:17:59'),(880,1,'loadBookmarks','2020-09-18 12:17:59'),(881,1,'loadProfile','2020-09-18 12:18:01'),(882,1,'loadAchievements','2020-09-18 12:18:01'),(883,1,'loadBookmarks','2020-09-18 12:18:01'),(884,1,'loadThreadComments','2020-09-18 12:18:26'),(885,1,'loadCourses','2020-09-18 12:18:37'),(886,1,'loadParticipants','2020-09-18 12:18:39'),(887,1,'loadParticipants','2020-09-18 12:18:45'),(888,1,'loadParticipants','2020-09-18 12:18:51'),(889,4,'loadCourses','2020-09-18 12:20:03'),(890,4,'loadParticipants','2020-09-18 12:20:15'),(891,1,'loadParticipants','2020-09-18 12:20:35'),(892,1,'loadParticipants','2020-09-18 12:20:43'),(893,1,'loadThreads','2020-09-18 12:20:44'),(894,1,'loadParticipants','2020-09-18 12:20:48'),(895,1,'loadThreads','2020-09-18 12:20:48'),(896,1,'loadParticipants','2020-09-18 12:20:52'),(897,1,'loadThreads','2020-09-18 12:20:54'),(898,1,'loadParticipants','2020-09-18 12:20:58'),(899,1,'loadThreads','2020-09-18 12:21:00'),(900,1,'loadThreadComments','2020-09-18 12:21:06'),(901,1,'loadThreads','2020-09-18 12:21:10'),(902,1,'loadThreadComments','2020-09-18 12:21:11'),(903,1,'loadProfile','2020-09-18 12:21:23'),(904,1,'loadBookmarks','2020-09-18 12:21:23'),(905,1,'loadAchievements','2020-09-18 12:21:23'),(906,4,'loadCourses','2020-09-18 12:21:46'),(907,1,'loadThreadComments','2020-09-18 12:21:50'),(908,1,'loadProfile','2020-09-18 12:21:50'),(909,1,'loadAchievements','2020-09-18 12:21:50'),(910,1,'loadBookmarks','2020-09-18 12:21:50'),(911,1,'loadThreadComments','2020-09-18 12:21:52'),(912,4,'loadCourses','2020-09-18 12:34:01'),(913,4,'loadProfile','2020-09-18 12:34:05'),(914,4,'loadBookmarks','2020-09-18 12:34:05'),(915,4,'loadAchievements','2020-09-18 12:34:05'),(916,4,'loadParticipants','2020-09-18 12:34:07'),(917,4,'loadThreads','2020-09-18 12:34:09'),(918,4,'loadParticipants','2020-09-18 12:34:14'),(919,4,'loadThreads','2020-09-18 12:34:15'),(920,4,'loadThreadComments','2020-09-18 12:34:17'),(921,4,'loadThreadComments','2020-09-18 12:34:36'),(922,4,'loadCourses','2020-09-18 12:34:36'),(923,4,'loadParticipants','2020-09-18 12:34:38'),(924,4,'loadThreads','2020-09-18 12:34:40'),(925,4,'loadThreadComments','2020-09-18 12:34:41'),(926,4,'loadThreadComments','2020-09-18 12:35:10'),(927,4,'loadCourses','2020-09-18 12:35:11'),(928,4,'loadParticipants','2020-09-18 12:35:13'),(929,4,'loadThreads','2020-09-18 12:35:15'),(930,4,'loadThreadComments','2020-09-18 12:35:16'),(931,4,'loadThreads','2020-09-18 12:35:31'),(932,4,'loadCourses','2020-09-18 12:36:39'),(933,4,'loadParticipants','2020-09-18 12:36:40'),(934,4,'loadThreads','2020-09-18 12:36:41'),(935,4,'loadThreadComments','2020-09-18 12:36:43'),(936,1,'login','2020-09-18 12:38:17'),(937,1,'loadCourses','2020-09-18 12:38:17'),(938,1,'loadProfile','2020-09-18 12:38:21'),(939,1,'loadAchievements','2020-09-18 12:38:21'),(940,1,'loadBookmarks','2020-09-18 12:38:21'),(941,1,'loadParticipants','2020-09-18 12:38:28'),(942,1,'loadThreads','2020-09-18 12:38:31'),(943,1,'loadThreadComments','2020-09-18 12:38:32'),(944,1,'loadThreads','2020-09-18 12:38:35'),(945,1,'loadThreadComments','2020-09-18 12:38:36'),(946,1,'loadThreads','2020-09-18 12:39:00'),(947,1,'loadProfile','2020-09-18 12:39:02'),(948,1,'loadBookmarks','2020-09-18 12:39:02'),(949,1,'loadAchievements','2020-09-18 12:39:02'),(950,1,'loadThreadComments','2020-09-18 12:39:25'),(951,1,'loadCourses','2020-09-18 12:39:32'),(952,1,'loadProfile','2020-09-18 12:40:57'),(953,1,'loadBookmarks','2020-09-18 12:40:57'),(954,1,'loadAchievements','2020-09-18 12:40:57'),(955,1,'loadBookmarks','2020-09-18 12:41:03'),(956,1,'loadProfile','2020-09-18 12:41:03'),(957,1,'loadAchievements','2020-09-18 12:41:03'),(958,1,'loadCourses','2020-09-18 12:41:07'),(959,1,'loadProfile','2020-09-18 12:41:11'),(960,1,'loadAchievements','2020-09-18 12:41:11'),(961,1,'loadBookmarks','2020-09-18 12:41:11'),(962,4,'loadProfile','2020-09-18 13:00:31'),(963,4,'loadAchievements','2020-09-18 13:00:31'),(964,4,'loadBookmarks','2020-09-18 13:00:31'),(965,4,'loadParticipants','2020-09-18 13:00:33'),(966,4,'loadProfile','2020-09-18 13:00:34'),(967,4,'loadBookmarks','2020-09-18 13:00:34'),(968,4,'loadAchievements','2020-09-18 13:00:34'),(969,4,'loadParticipants','2020-09-18 13:00:40'),(970,4,'loadThreads','2020-09-18 13:00:42'),(971,4,'loadParticipants','2020-09-18 13:00:44'),(972,4,'loadThreads','2020-09-18 13:00:45'),(973,4,'loadThreadComments','2020-09-18 13:00:46'),(974,4,'bookmarkThread','2020-09-18 13:00:47'),(975,4,'loadProfile','2020-09-18 13:01:09'),(976,4,'loadAchievements','2020-09-18 13:01:09'),(977,4,'loadBookmarks','2020-09-18 13:01:09'),(978,4,'loadThreadComments','2020-09-18 13:01:12'),(979,4,'removeBookmark','2020-09-18 13:01:13'),(980,4,'loadProfile','2020-09-18 13:01:24'),(981,4,'loadBookmarks','2020-09-18 13:01:24'),(982,4,'loadAchievements','2020-09-18 13:01:24'),(983,4,'loadThreadComments','2020-09-18 13:01:26'),(984,4,'loadThreadComments','2020-09-18 13:06:39'),(985,4,'loadCourses','2020-09-18 13:06:40'),(986,4,'loadParticipants','2020-09-18 13:06:42'),(987,4,'loadThreads','2020-09-18 13:06:43'),(988,4,'loadThreadComments','2020-09-18 13:06:44'),(989,4,'addBookmark','2020-09-18 13:06:45'),(990,4,'removeBookmark','2020-09-18 13:06:50'),(991,4,'addBookmark','2020-09-18 13:07:03'),(992,4,'removeBookmark','2020-09-18 13:07:05'),(993,4,'loadThreadComments','2020-09-18 13:09:09'),(994,4,'loadThreadComments','2020-09-18 13:09:18'),(995,4,'loadThreadComments','2020-09-18 13:09:40'),(996,4,'loadCourses','2020-09-18 13:32:44'),(997,4,'loadParticipants','2020-09-18 13:32:48'),(998,4,'loadThreads','2020-09-18 13:32:51'),(999,4,'loadParticipants','2020-09-18 13:32:56'),(1000,4,'loadThreads','2020-09-18 13:32:57'),(1001,4,'loadParticipants','2020-09-18 13:33:11'),(1002,4,'loadParticipants','2020-09-18 13:34:08'),(1003,4,'loadThreads','2020-09-18 13:34:10'),(1004,4,'loadProfile','2020-09-18 13:34:30'),(1005,4,'loadBookmarks','2020-09-18 13:34:30'),(1006,4,'loadAchievements','2020-09-18 13:34:30'),(1007,4,'loadThreads','2020-09-18 13:34:33'),(1008,4,'loadThreadComments','2020-09-18 13:34:34'),(1009,4,'addBookmark','2020-09-18 13:34:35'),(1010,4,'loadParticipants','2020-09-18 13:34:37'),(1011,4,'loadThreads','2020-09-18 13:34:39'),(1012,4,'loadCourses','2020-09-18 13:37:15'),(1013,4,'loadCourses','2020-09-18 13:38:08'),(1014,4,'loadParticipants','2020-09-18 13:38:10'),(1015,4,'loadThreads','2020-09-18 13:38:13'),(1016,4,'loadThreadComments','2020-09-18 13:38:14'),(1017,4,'removeBookmark','2020-09-18 13:38:15'),(1018,4,'addBookmark','2020-09-18 13:38:17'),(1019,4,'removeBookmark','2020-09-18 13:38:22'),(1020,4,'loadProfile','2020-09-18 13:38:24'),(1021,4,'loadBookmarks','2020-09-18 13:38:24'),(1022,4,'loadAchievements','2020-09-18 13:38:24'),(1023,4,'loadThreadComments','2020-09-18 13:38:26'),(1024,4,'loadParticipants','2020-09-18 13:38:41'),(1025,4,'loadThreads','2020-09-18 13:38:42'),(1026,4,'loadThreadComments','2020-09-18 13:38:44'),(1027,4,'addBookmark','2020-09-18 13:38:48'),(1028,4,'loadProfile','2020-09-18 13:38:50'),(1029,4,'loadBookmarks','2020-09-18 13:38:50'),(1030,4,'loadAchievements','2020-09-18 13:38:50'),(1031,4,'loadThreadComments','2020-09-18 13:38:53'),(1032,4,'loadCourses','2020-09-18 13:39:30'),(1033,4,'loadParticipants','2020-09-18 13:39:32'),(1034,4,'loadThreads','2020-09-18 13:39:34'),(1035,4,'loadThreadComments','2020-09-18 13:39:35'),(1036,4,'loadProfile','2020-09-18 13:39:36'),(1037,4,'loadAchievements','2020-09-18 13:39:37'),(1038,4,'loadBookmarks','2020-09-18 13:39:37'),(1039,4,'loadThreadComments','2020-09-18 13:39:39'),(1040,4,'removeBookmark','2020-09-18 13:39:40'),(1041,4,'loadProfile','2020-09-18 13:39:41'),(1042,4,'loadBookmarks','2020-09-18 13:39:41'),(1043,4,'loadAchievements','2020-09-18 13:39:41'),(1044,4,'loadThreadComments','2020-09-18 13:39:43'),(1045,4,'addBookmark','2020-09-18 13:40:36'),(1046,4,'loadCourses','2020-09-18 13:41:03'),(1047,4,'loadParticipants','2020-09-18 13:41:04'),(1048,4,'loadThreads','2020-09-18 13:41:07'),(1049,4,'loadParticipants','2020-09-18 13:41:13'),(1050,4,'loadThreads','2020-09-18 13:41:14'),(1051,4,'loadThreadComments','2020-09-18 13:41:16'),(1052,4,'addBookmark','2020-09-18 13:41:20'),(1053,4,'loadProfile','2020-09-18 13:41:22'),(1054,4,'loadBookmarks','2020-09-18 13:41:22'),(1055,4,'loadAchievements','2020-09-18 13:41:22'),(1056,4,'loadThreadComments','2020-09-18 13:41:25'),(1057,4,'loadProfile','2020-09-18 13:41:45'),(1058,4,'loadAchievements','2020-09-18 13:41:45'),(1059,4,'loadBookmarks','2020-09-18 13:41:45'),(1060,4,'loadThreadComments','2020-09-18 13:41:46'),(1061,4,'loadCourses','2020-09-18 13:41:46'),(1062,4,'loadParticipants','2020-09-18 13:41:47'),(1063,4,'loadThreads','2020-09-18 13:41:49'),(1064,4,'loadThreadComments','2020-09-18 13:41:50'),(1065,4,'loadThreads','2020-09-18 13:41:53'),(1066,4,'loadThreadComments','2020-09-18 13:41:53'),(1067,4,'loadThreads','2020-09-18 13:41:55'),(1068,4,'loadProfile','2020-09-18 13:41:55'),(1069,4,'loadAchievements','2020-09-18 13:41:55'),(1070,4,'loadBookmarks','2020-09-18 13:41:56'),(1071,4,'loadThreads','2020-09-18 13:41:57'),(1072,4,'loadParticipants','2020-09-18 13:41:59'),(1073,4,'loadThreads','2020-09-18 13:42:00'),(1074,4,'loadThreadComments','2020-09-18 13:42:01'),(1075,4,'addBookmark','2020-09-18 13:42:02'),(1076,4,'loadProfile','2020-09-18 13:42:04'),(1077,4,'loadBookmarks','2020-09-18 13:42:04'),(1078,4,'loadAchievements','2020-09-18 13:42:04'),(1079,4,'loadThreadComments','2020-09-18 13:42:05'),(1080,4,'loadParticipants','2020-09-18 13:42:07'),(1081,4,'loadThreads','2020-09-18 13:42:08'),(1082,4,'loadThreadComments','2020-09-18 13:42:09'),(1083,4,'loadProfile','2020-09-18 13:42:10'),(1084,4,'loadAchievements','2020-09-18 13:42:10'),(1085,4,'loadBookmarks','2020-09-18 13:42:10'),(1086,4,'loadThreadComments','2020-09-18 13:42:11'),(1087,4,'loadProfile','2020-09-18 13:42:13'),(1088,4,'loadAchievements','2020-09-18 13:42:13'),(1089,4,'loadBookmarks','2020-09-18 13:42:13'),(1090,4,'loadThreadComments','2020-09-18 13:42:16'),(1091,4,'loadThreads','2020-09-18 13:42:18'),(1092,4,'loadThreadComments','2020-09-18 13:42:20'),(1093,4,'loadProfile','2020-09-18 13:48:36'),(1094,4,'loadAchievements','2020-09-18 13:48:36'),(1095,4,'loadBookmarks','2020-09-18 13:48:36'),(1096,4,'loadThreadComments','2020-09-18 13:48:40'),(1097,4,'removeBookmark','2020-09-18 13:48:44'),(1098,4,'loadCourses','2020-09-18 13:48:45'),(1099,4,'loadProfile','2020-09-18 13:48:48'),(1100,4,'loadBookmarks','2020-09-18 13:48:48'),(1101,4,'loadAchievements','2020-09-18 13:48:48'),(1102,4,'loadThreadComments','2020-09-18 13:48:49'),(1103,4,'removeBookmark','2020-09-18 13:48:50'),(1104,4,'loadProfile','2020-09-18 13:48:51'),(1105,4,'loadAchievements','2020-09-18 13:48:51'),(1106,4,'loadBookmarks','2020-09-18 13:48:51'),(1107,4,'loadThreadComments','2020-09-18 13:48:53'),(1108,4,'loadProfile','2020-09-18 13:48:55'),(1109,4,'loadAchievements','2020-09-18 13:48:55'),(1110,4,'loadBookmarks','2020-09-18 13:48:55'),(1111,4,'loadThreadComments','2020-09-18 13:48:56'),(1112,4,'loadCourses','2020-09-18 13:49:07'),(1113,4,'loadParticipants','2020-09-18 13:49:08'),(1114,4,'loadThreads','2020-09-18 13:49:10'),(1115,4,'loadThreadComments','2020-09-18 13:49:11'),(1116,1,'login','2020-09-18 13:58:40'),(1117,1,'loadCourses','2020-09-18 13:58:40'),(1118,1,'login','2020-09-18 13:58:46'),(1119,1,'loadProfile','2020-09-18 13:58:46'),(1120,1,'loadBookmarks','2020-09-18 13:58:46'),(1121,1,'loadAchievements','2020-09-18 13:58:46'),(1122,1,'loadProfile','2020-09-18 13:58:53'),(1123,1,'loadBookmarks','2020-09-18 13:58:53'),(1124,1,'loadAchievements','2020-09-18 13:58:53'),(1125,1,'loadProfile','2020-09-18 13:58:55'),(1126,1,'loadAchievements','2020-09-18 13:58:55'),(1127,1,'loadBookmarks','2020-09-18 13:58:55'),(1128,1,'loadThreadComments','2020-09-18 13:58:58'),(1129,1,'removeBookmark','2020-09-18 13:59:00'),(1130,1,'addBookmark','2020-09-18 13:59:02'),(1131,1,'loadCourses','2020-09-18 13:59:04'),(1132,1,'loadParticipants','2020-09-18 13:59:07'),(1133,1,'loadThreads','2020-09-18 13:59:08'),(1134,1,'loadParticipants','2020-09-18 13:59:11'),(1135,1,'loadThreads','2020-09-18 13:59:12'),(1136,1,'loadParticipants','2020-09-18 13:59:15'),(1137,1,'loadThreads','2020-09-18 13:59:16'),(1138,1,'loadThreadComments','2020-09-18 13:59:17'),(1139,1,'addBookmark','2020-09-18 13:59:19'),(1140,1,'loadThreads','2020-09-18 13:59:20'),(1141,1,'loadBookmarks','2020-09-18 13:59:21'),(1142,1,'loadProfile','2020-09-18 13:59:21'),(1143,1,'loadAchievements','2020-09-18 13:59:21'),(1144,1,'loadThreads','2020-09-18 13:59:38'),(1145,1,'login','2020-09-18 14:00:43'),(1146,1,'loadCourses','2020-09-18 14:00:43'),(1147,1,'loadParticipants','2020-09-18 14:00:46'),(1148,1,'loadThreads','2020-09-18 14:00:51'),(1149,1,'loadThreadComments','2020-09-18 14:00:53'),(1150,1,'loadThreadComments','2020-09-18 14:01:00'),(1151,1,'loadThreadComments','2020-09-18 14:01:05'),(1152,1,'removeBookmark','2020-09-18 14:01:07'),(1153,1,'loadBookmarks','2020-09-18 14:01:11'),(1154,1,'loadProfile','2020-09-18 14:01:11'),(1155,1,'loadAchievements','2020-09-18 14:01:11'),(1156,1,'loadThreadComments','2020-09-18 14:01:14'),(1157,1,'loadProfile','2020-09-18 14:01:16'),(1158,1,'loadAchievements','2020-09-18 14:01:16'),(1159,1,'loadBookmarks','2020-09-18 14:01:16'),(1160,4,'loadParticipants','2020-09-18 14:05:24'),(1161,4,'loadThreads','2020-09-18 14:05:25'),(1162,4,'loadThreadComments','2020-09-18 14:05:28'),(1163,4,'loadCourses','2020-09-18 14:06:13'),(1164,4,'loadParticipants','2020-09-18 14:07:04'),(1165,4,'loadThreads','2020-09-18 14:07:07'),(1166,4,'loadThreadComments','2020-09-18 14:07:08'),(1167,4,'loadThreads','2020-09-18 14:07:10'),(1168,4,'loadThreadComments','2020-09-18 14:07:11'),(1169,4,'loadProfile','2020-09-18 14:07:35'),(1170,4,'loadAchievements','2020-09-18 14:07:35'),(1171,4,'loadBookmarks','2020-09-18 14:07:35'),(1172,4,'loadCourses','2020-09-18 14:07:36'),(1173,4,'loadParticipants','2020-09-18 14:07:37'),(1174,4,'loadThreads','2020-09-18 14:07:39'),(1175,4,'loadThreadComments','2020-09-18 14:07:40'),(1176,4,'loadThreads','2020-09-18 14:07:42'),(1177,4,'loadThreadComments','2020-09-18 14:07:43'),(1178,4,'loadCourses','2020-09-18 14:08:03'),(1179,4,'loadParticipants','2020-09-18 14:08:04'),(1180,4,'loadThreads','2020-09-18 14:08:05'),(1181,4,'loadThreadComments','2020-09-18 14:08:06'),(1182,4,'loadCourses','2020-09-18 14:08:17'),(1183,1,'login','2020-09-18 14:08:40'),(1184,1,'loadCourses','2020-09-18 14:08:40'),(1185,1,'loadProfile','2020-09-18 14:08:41'),(1186,1,'loadAchievements','2020-09-18 14:08:41'),(1187,1,'loadBookmarks','2020-09-18 14:08:41'),(1188,1,'loadParticipants','2020-09-18 14:08:45'),(1189,1,'loadThreads','2020-09-18 14:08:46'),(1190,1,'loadThreadComments','2020-09-18 14:08:48'),(1191,1,'addBookmark','2020-09-18 14:08:51'),(1192,1,'removeKudos','2020-09-18 14:08:57'),(1193,4,'loadCourses','2020-09-18 17:49:34'),(1194,4,'loadCourses','2020-09-18 18:32:09'),(1195,4,'loadCourses','2020-09-18 18:32:24'),(1196,4,'loadCourses','2020-09-18 18:32:25'),(1197,4,'loadProfile','2020-09-18 18:32:26'),(1198,4,'loadAchievements','2020-09-18 18:32:26'),(1199,4,'loadBookmarks','2020-09-18 18:32:26'),(1200,4,'loadParticipants','2020-09-18 18:32:29'),(1201,4,'loadProfile','2020-09-18 18:32:29'),(1202,1,'login','2020-09-18 20:26:53'),(1203,1,'loadCourses','2020-09-18 20:26:53'),(1204,1,'loadCourses','2020-09-18 20:30:22'),(1205,1,'loadProfile','2020-09-18 20:30:27'),(1206,1,'loadAchievements','2020-09-18 20:30:27'),(1207,1,'loadBookmarks','2020-09-18 20:30:27'),(1208,1,'loadCourses','2020-09-18 20:32:03'),(1209,1,'loadCourses','2020-09-18 20:33:07'),(1210,1,'loadCourses','2020-09-18 20:34:25'),(1211,1,'loadCourses','2020-09-18 20:34:40'),(1212,1,'loadParticipants','2020-09-18 20:34:46'),(1213,1,'loadThreads','2020-09-18 20:34:48'),(1214,1,'loadThreadComments','2020-09-18 20:34:49'),(1215,1,'loadCourses','2020-09-18 20:36:02'),(1216,1,'loadParticipants','2020-09-18 20:36:04'),(1217,1,'loadThreads','2020-09-18 20:36:04'),(1218,1,'loadThreadComments','2020-09-18 20:36:05'),(1219,1,'loadCourses','2020-09-18 20:36:50'),(1220,1,'loadParticipants','2020-09-18 20:36:51'),(1221,1,'loadThreads','2020-09-18 20:36:52'),(1222,1,'loadThreadComments','2020-09-18 20:36:53'),(1223,1,'loadCourses','2020-09-18 20:37:25'),(1224,1,'loadParticipants','2020-09-18 20:37:26'),(1225,1,'loadThreads','2020-09-18 20:37:27'),(1226,1,'loadThreadComments','2020-09-18 20:37:28'),(1227,1,'makeThreadComment','2020-09-18 20:37:32'),(1228,1,'loadThreadComments','2020-09-18 20:37:34'),(1229,1,'loadCourses','2020-09-19 12:31:37'),(1230,1,'loadParticipants','2020-09-19 12:31:46'),(1231,1,'loadThreads','2020-09-19 12:31:49'),(1232,1,'loadProfile','2020-09-19 12:31:52'),(1233,1,'loadAchievements','2020-09-19 12:31:52'),(1234,1,'loadBookmarks','2020-09-19 12:31:52'),(1235,1,'loadCourses','2020-09-20 09:04:13'),(1236,1,'loadParticipants','2020-09-20 10:07:01'),(1237,1,'loadThreads','2020-09-20 10:07:07'),(1238,1,'loadThreadComments','2020-09-20 10:07:09'),(1239,1,'loadThreadComments','2020-09-20 10:07:14'),(1240,1,'makeThreadComment','2020-09-20 10:07:30'),(1241,1,'loadThreadComments','2020-09-20 10:07:32'),(1242,1,'removeBookmark','2020-09-20 10:07:39'),(1243,1,'loadProfile','2020-09-20 10:07:41'),(1244,1,'loadAchievements','2020-09-20 10:07:41'),(1245,1,'loadBookmarks','2020-09-20 10:07:41'),(1246,1,'loadThreadComments','2020-09-20 10:07:44'),(1247,1,'loadProfile','2020-09-20 10:07:46'),(1248,1,'loadAchievements','2020-09-20 10:07:46'),(1249,1,'loadBookmarks','2020-09-20 10:07:46'),(1250,1,'loadThreadComments','2020-09-20 10:07:51'),(1251,1,'makeThreadComment','2020-09-20 10:07:57'),(1252,1,'loadThreadComments','2020-09-20 10:07:58'),(1253,1,'loadProfile','2020-09-20 10:07:59'),(1254,1,'loadAchievements','2020-09-20 10:07:59'),(1255,1,'loadBookmarks','2020-09-20 10:07:59'),(1256,1,'loadThreadComments','2020-09-20 10:08:02'),(1257,1,'loadProfile','2020-09-20 10:08:02'),(1258,1,'loadAchievements','2020-09-20 10:08:02'),(1259,1,'loadBookmarks','2020-09-20 10:08:02'),(1260,1,'loadThreadComments','2020-09-20 10:08:03'),(1261,1,'loadProfile','2020-09-20 10:08:03'),(1262,1,'loadAchievements','2020-09-20 10:08:03'),(1263,1,'loadBookmarks','2020-09-20 10:08:03'),(1264,1,'loadThreadComments','2020-09-20 10:08:05'),(1265,1,'loadProfile','2020-09-20 10:08:05'),(1266,1,'loadAchievements','2020-09-20 10:08:05'),(1267,1,'loadBookmarks','2020-09-20 10:08:05'),(1268,1,'loadThreadComments','2020-09-20 10:08:13'),(1269,1,'loadProfile','2020-09-20 10:08:15'),(1270,1,'loadAchievements','2020-09-20 10:08:15'),(1271,1,'loadBookmarks','2020-09-20 10:08:15'),(1272,1,'loadProfile','2020-09-20 10:08:48'),(1273,1,'loadAchievements','2020-09-20 10:08:48'),(1274,1,'loadBookmarks','2020-09-20 10:08:48'),(1275,1,'loadParticipants','2020-09-20 10:08:52'),(1276,1,'loadThreads','2020-09-20 10:08:53'),(1277,1,'loadThreadComments','2020-09-20 10:08:54'),(1278,1,'makeThreadComment','2020-09-20 10:09:02'),(1279,1,'loadThreadComments','2020-09-20 10:09:03'),(1280,1,'giveKudos','2020-09-20 10:09:05'),(1281,1,'loadProfile','2020-09-20 10:09:07'),(1282,1,'loadAchievements','2020-09-20 10:09:07'),(1283,1,'loadBookmarks','2020-09-20 10:09:07'),(1284,1,'loadThreadComments','2020-09-20 10:09:16'),(1285,1,'loadParticipants','2020-09-20 10:09:18'),(1286,1,'loadThreads','2020-09-20 10:09:29'),(1287,1,'loadParticipants','2020-09-20 10:09:32'),(1288,1,'loadThreads','2020-09-20 10:09:33'),(1289,1,'loadThreadComments','2020-09-20 10:09:38'),(1290,1,'loadThreads','2020-09-20 10:10:00'),(1291,1,'loadThreadComments','2020-09-20 10:10:02'),(1292,1,'giveKudos','2020-09-20 10:10:19'),(1293,1,'addBookmark','2020-09-20 10:10:22'),(1294,1,'loadThreads','2020-09-20 10:10:24'),(1295,1,'loadThreadComments','2020-09-20 10:10:25'),(1296,1,'loadProfile','2020-09-20 10:13:41'),(1297,1,'loadAchievements','2020-09-20 10:13:41'),(1298,1,'loadBookmarks','2020-09-20 10:13:42'),(1299,1,'loadProfile','2020-09-20 10:14:34'),(1300,1,'loadAchievements','2020-09-20 10:14:34'),(1301,1,'loadBookmarks','2020-09-20 10:14:35'),(1302,1,'loadProfile','2020-09-20 10:15:10'),(1303,1,'loadAchievements','2020-09-20 10:15:10'),(1304,1,'loadBookmarks','2020-09-20 10:15:10'),(1305,1,'loadProfile','2020-09-20 10:16:05'),(1306,1,'loadAchievements','2020-09-20 10:16:05'),(1307,1,'loadBookmarks','2020-09-20 10:16:05'),(1308,1,'loadCourses','2020-09-20 10:17:51'),(1309,1,'loadProfile','2020-09-20 10:17:51'),(1310,1,'loadBookmarks','2020-09-20 10:17:52'),(1311,1,'loadAchievements','2020-09-20 10:17:52'),(1312,1,'loadProfile','2020-09-20 10:18:25'),(1313,1,'loadBookmarks','2020-09-20 10:18:25'),(1314,1,'loadAchievements','2020-09-20 10:18:25'),(1315,1,'loadThreadComments','2020-09-20 10:18:32'),(1316,1,'loadCourses','2020-09-20 10:18:35'),(1317,1,'loadProfile','2020-09-20 10:18:35'),(1318,1,'loadAchievements','2020-09-20 10:18:35'),(1319,1,'loadBookmarks','2020-09-20 10:18:35'),(1320,1,'loadThreadComments','2020-09-20 10:18:37'),(1321,1,'loadProfile','2020-09-20 10:18:45'),(1322,1,'loadAchievements','2020-09-20 10:18:45'),(1323,1,'loadBookmarks','2020-09-20 10:18:45'),(1324,1,'loadThreadComments','2020-09-20 10:18:46'),(1325,1,'loadProfile','2020-09-20 10:18:47'),(1326,1,'loadAchievements','2020-09-20 10:18:47'),(1327,1,'loadBookmarks','2020-09-20 10:18:47'),(1328,1,'loadThreadComments','2020-09-20 10:18:47'),(1329,1,'loadProfile','2020-09-20 10:18:48'),(1330,1,'loadAchievements','2020-09-20 10:18:49'),(1331,1,'loadBookmarks','2020-09-20 10:18:49'),(1332,1,'loadThreadComments','2020-09-20 10:18:51'),(1333,1,'loadThreadComments','2020-09-20 10:18:53'),(1334,1,'loadThreadComments','2020-09-20 10:18:59'),(1335,1,'loadCourses','2020-09-20 11:28:38'),(1336,1,'loadProfile','2020-09-20 11:28:46'),(1337,1,'loadBookmarks','2020-09-20 11:28:46'),(1338,1,'loadAchievements','2020-09-20 11:28:46'),(1339,1,'loadCourses','2020-09-20 11:29:44'),(1340,1,'loadProfile','2020-09-20 11:29:46'),(1341,1,'loadAchievements','2020-09-20 11:29:46'),(1342,1,'loadBookmarks','2020-09-20 11:29:46'),(1343,1,'loadThreadComments','2020-09-20 11:29:50'),(1344,1,'removeBookmark','2020-09-20 11:29:50'),(1345,1,'loadProfile','2020-09-20 11:29:52'),(1346,1,'loadBookmarks','2020-09-20 11:29:52'),(1347,1,'loadAchievements','2020-09-20 11:29:52'),(1348,1,'loadThreadComments','2020-09-20 11:29:52'),(1349,1,'removeBookmark','2020-09-20 11:29:53'),(1350,1,'loadProfile','2020-09-20 11:29:55'),(1351,1,'loadBookmarks','2020-09-20 11:29:55'),(1352,1,'loadAchievements','2020-09-20 11:29:55'),(1353,1,'loadThreadComments','2020-09-20 11:30:17'),(1354,1,'loadProfile','2020-09-20 11:30:17'),(1355,1,'loadBookmarks','2020-09-20 11:30:17'),(1356,1,'loadAchievements','2020-09-20 11:30:17'),(1357,1,'loadThreadComments','2020-09-20 11:30:31'),(1358,1,'loadCourses','2020-09-20 11:30:32'),(1359,1,'loadParticipants','2020-09-20 11:30:34'),(1360,1,'loadThreads','2020-09-20 11:30:36'),(1361,1,'loadThreadComments','2020-09-20 11:30:38'),(1362,1,'addBookmark','2020-09-20 11:30:39'),(1363,1,'loadBookmarks','2020-09-20 11:30:43'),(1364,1,'loadProfile','2020-09-20 11:30:43'),(1365,1,'loadAchievements','2020-09-20 11:30:43'),(1366,1,'loadThreadComments','2020-09-20 11:31:50'),(1367,1,'removeBookmark','2020-09-20 11:31:51'),(1368,1,'loadCourses','2020-09-20 11:31:53'),(1369,1,'loadProfile','2020-09-20 11:31:53'),(1370,1,'loadBookmarks','2020-09-20 11:31:53'),(1371,1,'loadAchievements','2020-09-20 11:31:54'),(1372,1,'loadProfile','2020-09-20 11:32:13'),(1373,1,'loadBookmarks','2020-09-20 11:32:13'),(1374,1,'loadAchievements','2020-09-20 11:32:13'),(1375,1,'login','2020-09-20 11:56:48'),(1376,1,'loadCourses','2020-09-20 11:56:50'),(1377,1,'loadParticipants','2020-09-20 11:57:17'),(1378,1,'loadParticipants','2020-09-20 11:57:22'),(1379,1,'loadCourses','2020-09-20 11:58:36'),(1380,1,'loadParticipants','2020-09-20 11:58:37'),(1381,1,'loadCourses','2020-09-20 12:00:19'),(1382,1,'loadParticipants','2020-09-20 12:00:58'),(1383,1,'login','2020-09-20 12:10:00'),(1384,1,'loadCourses','2020-09-20 12:10:00'),(1385,1,'loadParticipants','2020-09-20 12:10:08'),(1386,1,'loadThreads','2020-09-20 12:10:11'),(1387,1,'loadThreadComments','2020-09-20 12:10:13'),(1388,1,'makeThreadComment','2020-09-20 12:10:21'),(1389,1,'loadThreadComments','2020-09-20 12:10:24'),(1390,1,'removeKudos','2020-09-20 12:10:32'),(1391,1,'login','2020-09-20 12:11:36'),(1392,1,'loadCourses','2020-09-20 12:11:36'),(1393,1,'loadParticipants','2020-09-20 12:11:43'),(1394,1,'loadThreads','2020-09-20 12:11:46'),(1395,1,'loadThreadComments','2020-09-20 12:11:48'),(1396,1,'makeThreadComment','2020-09-20 12:11:55'),(1397,1,'loadThreadComments','2020-09-20 12:11:58'),(1398,1,'loadThreadComments','2020-09-20 12:12:06'),(1399,1,'giveKudos','2020-09-20 12:12:10'),(1400,1,'loadThreads','2020-09-20 12:12:20'),(1401,1,'loadProfile','2020-09-20 12:12:24'),(1402,1,'loadAchievements','2020-09-20 12:12:24'),(1403,1,'loadBookmarks','2020-09-20 12:12:24'),(1404,1,'loadParticipants','2020-09-20 12:13:18'),(1405,1,'loadThreads','2020-09-20 12:13:20'),(1406,1,'loadThreadComments','2020-09-20 12:13:21'),(1407,1,'addBookmark','2020-09-20 12:13:22'),(1408,1,'loadProfile','2020-09-20 12:13:26'),(1409,1,'loadBookmarks','2020-09-20 12:13:26'),(1410,1,'loadAchievements','2020-09-20 12:13:26'),(1411,1,'login','2020-09-21 11:52:48'),(1412,1,'loadCourses','2020-09-21 11:52:48'),(1413,1,'loadParticipants','2020-09-21 11:52:49'),(1414,1,'loadThreads','2020-09-21 11:52:54'),(1415,1,'loadThreadComments','2020-09-21 11:52:55'),(1416,1,'loadThreads','2020-09-21 11:52:59'),(1417,1,'loadThreadComments','2020-09-21 11:53:00'),(1418,1,'loadThreads','2020-09-21 11:53:04'),(1419,1,'loadProfile','2020-09-21 11:53:04'),(1420,1,'loadAchievements','2020-09-21 11:53:04'),(1421,1,'loadBookmarks','2020-09-21 11:53:04'),(1422,1,'loadThreads','2020-09-21 11:53:15'),(1423,1,'loadCourses','2020-09-21 11:53:38'),(1424,1,'loadParticipants','2020-09-21 11:53:40'),(1425,1,'login','2020-09-21 11:55:04'),(1426,1,'loadCourses','2020-09-21 11:55:04'),(1427,1,'loadCourses','2020-09-21 11:55:43'),(1428,1,'login','2020-09-23 09:37:30'),(1429,1,'loadCourses','2020-09-23 09:37:30'),(1430,1,'login','2020-09-23 09:37:37'),(1431,1,'login','2020-09-23 09:38:29'),(1432,1,'loadCourses','2020-09-23 09:38:29'),(1433,1,'loadParticipants','2020-09-23 09:38:30'),(1434,1,'login','2020-09-23 09:38:50'),(1435,1,'loadCourses','2020-09-23 09:38:50'),(1436,1,'loadParticipants','2020-09-23 09:38:52'),(1437,1,'loadThreads','2020-09-23 09:39:01'),(1438,1,'loadThreadComments','2020-09-23 09:39:04'),(1439,1,'loadThreads','2020-09-23 09:39:27'),(1440,1,'loadThreadComments','2020-09-23 09:39:29'),(1441,1,'loadParticipants','2020-09-23 09:39:44'),(1442,1,'loadThreads','2020-09-23 09:39:45'),(1443,1,'loadThreadComments','2020-09-23 09:39:46'),(1444,1,'loadParticipants','2020-09-23 09:40:51'),(1445,1,'loadThreads','2020-09-23 09:40:52'),(1446,1,'loadThreadComments','2020-09-23 09:40:53'),(1447,1,'loadThreads','2020-09-23 09:40:59'),(1448,1,'loadThreadComments','2020-09-23 09:41:00'),(1449,1,'loadCourses','2020-09-23 09:41:50'),(1450,1,'loadParticipants','2020-09-23 09:41:52'),(1451,1,'loadThreads','2020-09-23 09:41:54'),(1452,1,'loadThreadComments','2020-09-23 09:41:55'),(1453,1,'loadThreads','2020-09-23 09:42:17'),(1454,1,'login','2020-09-23 09:42:41'),(1455,1,'loadCourses','2020-09-23 09:42:41'),(1456,1,'loadParticipants','2020-09-23 09:42:43'),(1457,1,'loadThreads','2020-09-23 09:42:44'),(1458,1,'loadThreadComments','2020-09-23 09:42:45'),(1459,1,'loadThreads','2020-09-23 09:42:58'),(1460,1,'loadProfile','2020-09-23 09:43:00'),(1461,1,'loadBookmarks','2020-09-23 09:43:00'),(1462,1,'loadAchievements','2020-09-23 09:43:00'),(1463,1,'loadProfile','2020-09-23 09:43:01'),(1464,1,'loadAchievements','2020-09-23 09:43:02'),(1465,1,'loadBookmarks','2020-09-23 09:43:02'),(1466,1,'loadThreads','2020-09-23 09:45:38'),(1467,1,'loadThreadComments','2020-09-23 09:45:40'),(1468,1,'loadThreads','2020-09-23 09:46:30'),(1469,1,'loadThreadComments','2020-09-23 09:46:31'),(1470,1,'loadThreads','2020-09-23 09:46:34'),(1471,1,'loadThreadComments','2020-09-23 09:46:35'),(1472,1,'loadThreads','2020-09-23 09:46:58'),(1473,1,'loadThreadComments','2020-09-23 09:46:59'),(1474,1,'loadProfile','2020-09-23 09:47:05'),(1475,1,'loadBookmarks','2020-09-23 09:47:06'),(1476,1,'loadAchievements','2020-09-23 09:47:06'),(1477,1,'loadThreadComments','2020-09-23 09:47:06'),(1478,1,'loadThreads','2020-09-23 09:47:15'),(1479,1,'loadThreadComments','2020-09-23 09:47:16'),(1480,1,'loadThreads','2020-09-23 09:47:17'),(1481,1,'loadThreadComments','2020-09-23 09:47:18'),(1482,1,'loadProfile','2020-09-23 09:47:19'),(1483,1,'loadBookmarks','2020-09-23 09:47:19'),(1484,1,'loadAchievements','2020-09-23 09:47:19'),(1485,1,'loadThreadComments','2020-09-23 09:47:20'),(1486,1,'loadThreads','2020-09-23 09:47:28'),(1487,1,'loadThreadComments','2020-09-23 09:47:29'),(1488,1,'loadProfile','2020-09-23 09:47:31'),(1489,1,'loadAchievements','2020-09-23 09:47:31'),(1490,1,'loadBookmarks','2020-09-23 09:47:31'),(1491,1,'loadThreadComments','2020-09-23 09:47:32'),(1492,1,'loadParticipants','2020-09-23 09:48:20'),(1493,1,'loadThreads','2020-09-23 09:48:21'),(1494,1,'loadThreadComments','2020-09-23 09:48:22'),(1495,1,'loadThreads','2020-09-23 09:49:24'),(1496,1,'loadCourses','2020-09-23 09:49:29'),(1497,1,'loadParticipants','2020-09-23 09:49:30'),(1498,1,'loadThreads','2020-09-23 09:49:32'),(1499,1,'loadThreadComments','2020-09-23 09:49:33'),(1500,1,'login','2020-09-23 09:50:03'),(1501,1,'loadCourses','2020-09-23 09:50:03'),(1502,1,'loadParticipants','2020-09-23 09:50:06'),(1503,1,'loadThreads','2020-09-23 09:50:11'),(1504,1,'loadThreadComments','2020-09-23 09:50:13'),(1505,1,'loadProfile','2020-09-23 09:50:16'),(1506,1,'loadAchievements','2020-09-23 09:50:16'),(1507,1,'loadBookmarks','2020-09-23 09:50:16'),(1508,1,'loadThreadComments','2020-09-23 09:50:17'),(1509,1,'loadProfile','2020-09-23 09:52:45'),(1510,1,'loadAchievements','2020-09-23 09:52:45'),(1511,1,'loadBookmarks','2020-09-23 09:52:45'),(1512,1,'loadThreadComments','2020-09-23 09:52:46'),(1513,1,'loadProfile','2020-09-23 09:52:53'),(1514,1,'loadAchievements','2020-09-23 09:52:53'),(1515,1,'loadBookmarks','2020-09-23 09:52:53'),(1516,1,'loadThreadComments','2020-09-23 09:52:54'),(1517,1,'loadParticipants','2020-09-23 09:53:29'),(1518,1,'loadThreads','2020-09-23 09:53:31'),(1519,1,'loadThreadComments','2020-09-23 09:53:32'),(1520,1,'makeThreadComment','2020-09-23 09:53:40'),(1521,1,'loadThreadComments','2020-09-23 09:53:41'),(1522,1,'loadProfile','2020-09-23 09:54:32'),(1523,1,'loadAchievements','2020-09-23 09:54:32'),(1524,1,'loadBookmarks','2020-09-23 09:54:32'),(1525,1,'loadThreadComments','2020-09-23 09:54:33'),(1526,1,'login','2020-09-23 10:06:09'),(1527,1,'loadCourses','2020-09-23 10:06:09'),(1528,1,'loadParticipants','2020-09-23 10:06:16'),(1529,1,'loadThreads','2020-09-23 10:06:19'),(1530,1,'loadThreadComments','2020-09-23 10:06:24'),(1531,1,'loadThreads','2020-09-23 10:06:25'),(1532,1,'loadThreadComments','2020-09-23 10:06:27'),(1533,1,'giveKudos','2020-09-23 10:06:35'),(1534,1,'loadProfile','2020-09-23 10:06:49'),(1535,1,'loadAchievements','2020-09-23 10:06:49'),(1536,1,'loadBookmarks','2020-09-23 10:06:49'),(1537,1,'loadParticipants','2020-09-23 10:11:10'),(1538,1,'loadProfile','2020-09-23 10:13:46'),(1539,1,'loadAchievements','2020-09-23 10:13:46'),(1540,1,'loadBookmarks','2020-09-23 10:13:46'),(1541,1,'loadThreads','2020-09-23 10:14:26'),(1542,1,'loadThreadComments','2020-09-23 10:14:27'),(1543,1,'loadThreads','2020-09-23 10:14:30'),(1544,1,'loadProfile','2020-09-23 10:14:31'),(1545,1,'loadAchievements','2020-09-23 10:14:31'),(1546,1,'loadBookmarks','2020-09-23 10:14:31'),(1547,1,'loadThreads','2020-09-23 10:15:50'),(1548,1,'loadThreads','2020-09-24 01:10:38'),(1549,1,'loadThreads','2020-09-24 01:10:47'),(1550,1,'loadThreadComments','2020-09-24 01:10:49'),(1551,1,'loadThreads','2020-09-24 01:10:51'),(1552,1,'loadParticipants','2020-09-24 01:10:52'),(1553,1,'loadThreadComments','2020-09-24 01:10:54'),(1554,1,'removeKudos','2020-09-24 01:12:12'),(1555,1,'giveKudos','2020-09-24 01:12:14'),(1556,1,'giveKudos','2020-09-24 01:12:16'),(1557,1,'loadProfile','2020-09-24 01:15:28'),(1558,1,'loadAchievements','2020-09-24 01:15:29'),(1559,1,'loadBookmarks','2020-09-24 01:15:29'),(1560,1,'loadThreadComments','2020-09-24 01:16:15'),(1561,1,'makeThreadComment','2020-09-24 01:16:29'),(1562,1,'loadThreadComments','2020-09-24 01:16:31'),(1563,1,'loadProfile','2020-09-24 01:17:18'),(1564,1,'loadAchievements','2020-09-24 01:17:19'),(1565,1,'loadBookmarks','2020-09-24 01:17:19'),(1566,1,'login','2020-09-24 01:53:22'),(1567,1,'loadCourses','2020-09-24 01:53:22'),(1568,1,'loadParticipants','2020-09-24 01:53:53'),(1569,1,'loadThreads','2020-09-24 01:53:56'),(1570,1,'loadThreadComments','2020-09-24 01:53:57'),(1571,1,'loadThreads','2020-09-24 02:00:05'),(1572,1,'loadAchievements','2020-09-24 02:01:07'),(1573,1,'loadProfile','2020-09-24 02:01:07'),(1574,1,'loadBookmarks','2020-09-24 02:01:07'),(1575,1,'loadProfile','2020-09-24 02:01:09'),(1576,1,'loadAchievements','2020-09-24 02:01:09'),(1577,1,'loadBookmarks','2020-09-24 02:01:09'),(1578,1,'loadBookmarks','2020-09-24 02:03:58'),(1579,1,'loadProfile','2020-09-24 02:03:58'),(1580,1,'loadAchievements','2020-09-24 02:03:58'),(1581,1,'loadParticipants','2020-09-24 02:05:21'),(1582,1,'loadThreads','2020-09-24 02:05:22'),(1583,1,'loadThreadComments','2020-09-24 02:05:24'),(1584,1,'loadThreadComments','2020-09-24 02:09:26'),(1585,1,'loadAchievements','2020-09-24 02:10:26'),(1586,1,'loadProfile','2020-09-24 02:10:26'),(1587,1,'loadBookmarks','2020-09-24 02:10:26'),(1588,1,'loadThreadComments','2020-09-24 02:13:16'),(1589,1,'loadThreads','2020-09-24 02:13:18'),(1590,1,'loadAchievements','2020-09-24 02:20:01'),(1591,1,'loadBookmarks','2020-09-24 02:20:01'),(1592,1,'loadProfile','2020-09-24 02:20:01'),(1593,1,'loadCourses','2020-09-24 03:48:24'),(1594,1,'loadParticipants','2020-09-24 03:48:28'),(1595,1,'loadAchievements','2020-09-24 03:48:33'),(1596,1,'loadBookmarks','2020-09-24 03:48:33'),(1597,1,'loadBookmarks','2020-09-24 03:48:46'),(1598,1,'loadAchievements','2020-09-24 03:48:46'),(1599,1,'loadProfile','2020-09-24 03:48:46'),(1600,1,'loadProfile','2020-09-24 03:48:51'),(1601,1,'loadBookmarks','2020-09-24 03:48:51'),(1602,1,'loadAchievements','2020-09-24 03:48:52'),(1603,1,'loadThreads','2020-09-24 09:30:37'),(1604,1,'loadThreads','2020-09-24 09:30:46'),(1605,1,'loadThreadComments','2020-09-24 09:30:48'),(1606,1,'login','2020-09-24 13:33:37'),(1607,1,'loadCourses','2020-09-24 13:33:37'),(1608,1,'loadProfile','2020-09-24 13:33:41'),(1609,1,'loadBookmarks','2020-09-24 13:33:41'),(1610,1,'loadAchievements','2020-09-24 13:33:42'),(1611,1,'loadParticipants','2020-09-24 13:33:49'),(1612,1,'loadThreads','2020-09-24 13:33:51'),(1613,1,'loadParticipants','2020-09-24 13:33:56');
/*!40000 ALTER TABLE `analytics` ENABLE KEYS */;
UNLOCK TABLES;

--
-- Table structure for table `comments`
--

DROP TABLE IF EXISTS `comments`;
/*!40101 SET @saved_cs_client     = @@character_set_client */;
/*!50503 SET character_set_client = utf8mb4 */;
CREATE TABLE `comments` (
  `commentID` int NOT NULL AUTO_INCREMENT,
  `threadID` int NOT NULL,
  `posterID` int NOT NULL,
  `text` varchar(750) NOT NULL,
  `timestamp` datetime NOT NULL,
  `parentID` int DEFAULT NULL,
  `score` int DEFAULT '0',
  `role` varchar(45) NOT NULL,
  PRIMARY KEY (`commentID`),
  KEY `fk_comments_threads_idx` (`threadID`),
  KEY `fk_comments_users_idx` (`posterID`),
  CONSTRAINT `fk_comments_threads` FOREIGN KEY (`threadID`) REFERENCES `threads` (`threadID`) ON DELETE CASCADE,
  CONSTRAINT `fk_comments_users` FOREIGN KEY (`posterID`) REFERENCES `users` (`id`)
) ENGINE=InnoDB AUTO_INCREMENT=49 DEFAULT CHARSET=utf8;
/*!40101 SET character_set_client = @saved_cs_client */;

--
-- Dumping data for table `comments`
--

LOCK TABLES `comments` WRITE;
/*!40000 ALTER TABLE `comments` DISABLE KEYS */;
INSERT INTO `comments` VALUES (1,2,1,'This is a top level comment, made by me','2020-09-02 11:57:41',NULL,6,'student'),(2,2,931,'This is a reply to a top-level comment, made by an academic','2020-09-02 11:59:42',1,1,'academic'),(3,2,70,'This is a reply to a reply','2020-09-02 12:03:13',2,1,'student'),(4,2,4,'This is a top level comment, made by Ethan','2020-09-02 11:52:41',NULL,1,'student'),(5,2,76,'This is another reply to a top-level comment.Lorem ipsum dolor sit amet, consectetur adipiscing elit, sed do eiusmod tempor incididunt ut labore et dolore magna aliqua. Ut enim ad minim veniam, quis nostrud exercitation ullamco laboris nisi ut aliquip ex ea commodo consequat.','2020-09-02 18:53:10',1,2,'student'),(21,2,931,'top level comment from an academic','2020-09-15 00:26:31',NULL,1,'academic'),(36,15,1,'Lorem ipsum dolor sit amet, consectetur adipiscing elit, sed do eiusmod tempor incididunt ut labore et dolore magna aliqua. Ut enim ad minim veniam, quis nostrud exercitation ullamco laboris nisi ut aliquip ex ea commodo consequat. Duis aute irure dolor in reprehenderit in voluptate velit esse cillum dolore eu fugiat nulla pariatur. Excepteur sint occaecat cupidatat non proident, sunt in culpa qui officia deserunt mollit anim id est laborum','2020-09-18 20:37:32',NULL,0,'student'),(37,15,1,'Lorem ipsum dolor sit amet','2020-09-20 10:07:30',36,0,'student'),(38,15,1,'Lorem ipsum','2020-09-20 10:07:57',NULL,1,'student'),(44,2,30,'This is a top level comment','2020-09-21 10:04:23',NULL,0,'student'),(46,17,931,'Test','2020-09-23 10:05:03',NULL,0,'academic'),(47,17,931,'Test reply','2020-09-23 10:05:12',46,0,'academic'),(48,2,1,'Lorem ipsum','2020-09-24 01:16:29',NULL,4,'student');
/*!40000 ALTER TABLE `comments` ENABLE KEYS */;
UNLOCK TABLES;

--
-- Table structure for table `modules`
--

DROP TABLE IF EXISTS `modules`;
/*!40101 SET @saved_cs_client     = @@character_set_client */;
/*!50503 SET character_set_client = utf8mb4 */;
CREATE TABLE `modules` (
  `moduleID` int NOT NULL,
  `universityID` int NOT NULL,
  `name` varchar(45) NOT NULL,
  `description` varchar(1000) DEFAULT NULL,
  PRIMARY KEY (`moduleID`),
  KEY `universityID_idx` (`universityID`),
  CONSTRAINT `fk_modules_universities` FOREIGN KEY (`universityID`) REFERENCES `universities` (`universityID`)
) ENGINE=InnoDB DEFAULT CHARSET=utf8;
/*!40101 SET character_set_client = @saved_cs_client */;

--
-- Dumping data for table `modules`
--

LOCK TABLES `modules` WRITE;
/*!40000 ALTER TABLE `modules` DISABLE KEYS */;
INSERT INTO `modules` VALUES (1,18643,'Functional Programming','This module provides an introduction to Functional Programming, including both the functional programming language Miranda and functional language implementation techniques such as graph reduction and garbage collection. '),(2,18643,'Introductory Programming',NULL),(3,18643,'Algorithms and Data Structures',NULL),(4,18643,'Design',NULL),(5,18643,'Advanced Calculus',NULL),(6,18643,'Structural Mechanics',NULL),(7,18643,'Statistics',NULL),(8,18643,'Software Engineering','This module covers a range of Software Engineering (SE) material, following on from that introduced in term 1. The emphasis is on the knowledge needed to be able to model, design, implement and evaluate larger software systems effectively. The module starts with development lifecycle models, such as agile development, and then continues to cover requirements specification, requirements analysis, object-oriented concepts, the Unified Modelling Language (UML), and object-oriented design. Software engineering is an inherently practical subject and applying the concepts being taught is a vital component of developing expertise in this area. Consequently, students undertake a substantial group project, working through a number of stages of the development of a larger software application. Students will be expected to largely organize themselves and their work, learning key transferrable skills in team management and organisation.'),(9,18643,'Machine Learning for Domain Specialists',NULL),(10,18643,'Intro to C++',NULL),(11,18643,'Microeconomics',NULL),(12,18643,'Linear Algebra',NULL),(13,18643,'Dynamics',NULL),(14,18643,'Architecture and Hardware',NULL),(15,18643,'Genomes',NULL),(16,18643,'Organic Chemistry',NULL),(17,18643,'Evolutionary Biology',NULL),(18,18643,'Epigenetics',NULL),(19,18643,'Anthropology',NULL),(20,18643,'Creative Writing',NULL),(21,18643,'Quantum Mechanics',NULL),(22,18643,'Astrophysics',NULL),(23,18643,'Cosmology',NULL),(24,18643,'Logic',NULL),(25,18643,'Advanced Electronics',NULL),(26,18643,'Thermodynamics',NULL),(27,18643,'Traffic Engineering',NULL),(28,18643,'Water Resources Engineering',NULL),(29,18643,'Advanced Soil Mechanics',NULL),(30,18643,'Steel Structures and Design',NULL),(31,18643,'Network and Web Security',NULL),(32,18643,'Creative Design',NULL),(33,18643,'Business and Project Management',NULL),(34,18643,'Transport Systems',NULL),(35,18643,'Theory of Shells',NULL),(36,18643,'Artificial Intelligence and Neural Networks',NULL),(37,18643,'Coastal Engineering',NULL),(38,28453,'Functional Programming',NULL),(39,28453,'Introductory Programming',NULL),(40,28453,'Algorithms and Data Structures',NULL),(41,28453,'Design',NULL),(42,28453,'Advanced Calculus',NULL),(43,28453,'Structural Mechanics',NULL),(44,28453,'Statistics',NULL),(45,28453,'Software Engineering',NULL),(46,28453,'Machine Learning for Domain Specialists',NULL),(47,28453,'Geotechnics',NULL),(48,28453,'Microeconomics',NULL),(49,28453,'Linear Algebra',NULL),(50,28453,'Dynamics',NULL),(51,28453,'Architecture and Hardware',NULL),(52,28453,'Genomes',NULL),(53,28453,'Organic Chemistry',NULL),(54,28453,'Evolutionary Biology',NULL),(55,28453,'Epigenetics',NULL),(56,28453,'Anthropology',NULL),(57,28453,'Creative Writing',NULL),(58,28453,'Quantum Mechanics',NULL),(59,28453,'Astrophysics',NULL),(60,28453,'Cosmology',NULL),(61,28453,'Solid State Physics',NULL),(62,28453,'Advanced Electronics',NULL),(63,28453,'Thermodynamics',NULL),(64,28453,'Traffic Engineering',NULL),(65,28453,'Water Resources Engineering',NULL),(66,28453,'Advanced Soil Mechanics',NULL),(67,28453,'Steel Structures and Design',NULL),(68,28453,'Fluid Mechanics',NULL),(69,28453,'Creative Design',NULL),(70,28453,'Business and Project Management',NULL),(71,28453,'Transport Systems',NULL),(72,28453,'Theory of Shells',NULL),(73,28453,'Highway Engineering',NULL),(74,28453,'Coastal Engineering',NULL),(75,43920,'Functional Programming',NULL),(76,43920,'Introductory Programming',NULL),(77,43920,'Algorithms and Data Structures',NULL),(78,43920,'Design',NULL),(79,43920,'Advanced Calculus',NULL),(80,43920,'Structural Mechanics',NULL),(81,43920,'Statistics',NULL),(82,43920,'Software Engineering',NULL),(83,43920,'Machine Learning for Domain Specialists',NULL),(84,43920,'Geotechnics',NULL),(85,43920,'Microeconomics',NULL),(86,43920,'Linear Algebra',NULL),(87,43920,'Dynamics',NULL),(88,43920,'Architecture and Hardware',NULL),(89,43920,'Genomes',NULL),(90,43920,'Organic Chemistry',NULL),(91,43920,'Evolutionary Biology',NULL),(92,43920,'Epigenetics',NULL),(93,43920,'Anthropology',NULL),(94,43920,'Creative Writing',NULL),(95,43920,'Quantum Mechanics',NULL),(96,43920,'Astrophysics',NULL),(97,43920,'Cosmology',NULL),(98,43920,'Solid State Physics',NULL),(99,43920,'Advanced Electronics',NULL),(100,43920,'Thermodynamics',NULL),(101,43920,'Traffic Engineering',NULL),(102,43920,'Water Resources Engineering',NULL),(103,43920,'Advanced Soil Mechanics',NULL),(104,43920,'Steel Structures and Design',NULL),(105,43920,'Fluid Mechanics',NULL),(106,43920,'Creative Design',NULL),(107,43920,'Business and Project Management',NULL),(108,43920,'Transport Systems',NULL),(109,43920,'Theory of Shells',NULL),(110,43920,'Highway Engineering',NULL),(111,43920,'Coastal Engineering',NULL),(112,32145,'Functional Programming',NULL),(113,32145,'Introductory Programming',NULL),(114,32145,'Algorithms and Data Structures',NULL),(115,32145,'Design',NULL),(116,32145,'Advanced Calculus',NULL),(117,32145,'Structural Mechanics',NULL),(118,32145,'Statistics',NULL),(119,32145,'Software Engineering',NULL),(120,32145,'Machine Learning for Domain Specialists',NULL),(121,32145,'Geotechnics',NULL),(122,32145,'Microeconomics',NULL),(123,32145,'Linear Algebra',NULL),(124,32145,'Dynamics',NULL),(125,32145,'Architecture and Hardware',NULL),(126,32145,'Genomes',NULL),(127,32145,'Organic Chemistry',NULL),(128,32145,'Evolutionary Biology',NULL),(129,32145,'Epigenetics',NULL),(130,32145,'Anthropology',NULL),(131,32145,'Creative Writing',NULL),(132,32145,'Quantum Mechanics',NULL),(133,32145,'Astrophysics',NULL),(134,32145,'Cosmology',NULL),(135,32145,'Solid State Physics',NULL),(136,32145,'Advanced Electronics',NULL),(137,32145,'Thermodynamics',NULL),(138,32145,'Traffic Engineering',NULL),(139,32145,'Water Resources Engineering',NULL),(140,32145,'Advanced Soil Mechanics',NULL),(141,32145,'Steel Structures and Design',NULL),(142,32145,'Fluid Mechanics',NULL),(143,32145,'Creative Design',NULL),(144,32145,'Business and Project Management',NULL),(145,32145,'Transport Systems',NULL),(146,32145,'Theory of Shells',NULL),(147,32145,'Highway Engineering',NULL),(148,32145,'Coastal Engineering',NULL),(149,76543,'Functional Programming',NULL),(150,76543,'Introductory Programming',NULL),(151,76543,'Algorithms and Data Structures',NULL),(152,76543,'Design',NULL),(153,76543,'Advanced Calculus',NULL),(154,76543,'Structural Mechanics',NULL),(155,76543,'Statistics',NULL),(156,76543,'Software Engineering',NULL),(157,76543,'Machine Learning for Domain Specialists',NULL),(158,76543,'Geotechnics',NULL),(159,76543,'Microeconomics',NULL),(160,76543,'Linear Algebra',NULL),(161,76543,'Dynamics',NULL),(162,76543,'Architecture and Hardware',NULL),(163,76543,'Genomes',NULL),(164,76543,'Organic Chemistry',NULL),(165,76543,'Evolutionary Biology',NULL),(166,76543,'Epigenetics',NULL),(167,76543,'Anthropology',NULL),(168,76543,'Creative Writing',NULL),(169,76543,'Quantum Mechanics',NULL),(170,76543,'Astrophysics',NULL),(171,76543,'Cosmology',NULL),(172,76543,'Solid State Physics',NULL),(173,76543,'Advanced Electronics',NULL),(174,76543,'Thermodynamics',NULL),(175,76543,'Traffic Engineering',NULL),(176,76543,'Water Resources Engineering',NULL),(177,76543,'Advanced Soil Mechanics',NULL),(178,76543,'Steel Structures and Design',NULL),(179,76543,'Fluid Mechanics',NULL),(180,76543,'Creative Design',NULL),(181,76543,'Business and Project Management',NULL),(182,76543,'Transport Systems',NULL),(183,76543,'Theory of Shells',NULL),(184,76543,'Highway Engineering',NULL),(185,76543,'Coastal Engineering',NULL);
/*!40000 ALTER TABLE `modules` ENABLE KEYS */;
UNLOCK TABLES;

--
-- Table structure for table `starredthreads`
--

DROP TABLE IF EXISTS `starredthreads`;
/*!40101 SET @saved_cs_client     = @@character_set_client */;
/*!50503 SET character_set_client = utf8mb4 */;
CREATE TABLE `starredthreads` (
  `id` int NOT NULL AUTO_INCREMENT,
  `threadID` int NOT NULL,
  `userID` int NOT NULL,
  PRIMARY KEY (`id`),
  KEY `fk_starredThreads_threads_idx` (`threadID`),
  KEY `fk_starredThreads_users_idx` (`userID`),
  CONSTRAINT `fk_starredThreads_threads` FOREIGN KEY (`threadID`) REFERENCES `threads` (`threadID`) ON DELETE CASCADE ON UPDATE CASCADE,
  CONSTRAINT `fk_starredThreads_users` FOREIGN KEY (`userID`) REFERENCES `users` (`id`) ON DELETE CASCADE ON UPDATE CASCADE
) ENGINE=InnoDB AUTO_INCREMENT=26 DEFAULT CHARSET=utf8;
/*!40101 SET character_set_client = @saved_cs_client */;

--
-- Dumping data for table `starredthreads`
--

LOCK TABLES `starredthreads` WRITE;
/*!40000 ALTER TABLE `starredthreads` DISABLE KEYS */;
INSERT INTO `starredthreads` VALUES (6,15,931),(7,13,931),(14,2,4),(23,2,931),(24,2,1),(25,17,931);
/*!40000 ALTER TABLE `starredthreads` ENABLE KEYS */;
UNLOCK TABLES;

--
-- Table structure for table `studentachievements`
--

DROP TABLE IF EXISTS `studentachievements`;
/*!40101 SET @saved_cs_client     = @@character_set_client */;
/*!50503 SET character_set_client = utf8mb4 */;
CREATE TABLE `studentachievements` (
  `id` int NOT NULL AUTO_INCREMENT,
  `studentID` int NOT NULL,
  `achievementID` int NOT NULL,
  `timestamp` datetime NOT NULL,
  PRIMARY KEY (`id`),
  KEY `fk_studentachievements_achievements_idx` (`achievementID`),
  KEY `fk_studentachievements_students_idx` (`studentID`),
  CONSTRAINT `fk_studentachievements_achievements` FOREIGN KEY (`achievementID`) REFERENCES `achievements` (`id`),
  CONSTRAINT `fk_studentachievements_students` FOREIGN KEY (`studentID`) REFERENCES `students` (`studentID`)
) ENGINE=InnoDB AUTO_INCREMENT=13 DEFAULT CHARSET=utf8;
/*!40101 SET character_set_client = @saved_cs_client */;

--
-- Dumping data for table `studentachievements`
--

LOCK TABLES `studentachievements` WRITE;
/*!40000 ALTER TABLE `studentachievements` DISABLE KEYS */;
INSERT INTO `studentachievements` VALUES (1,1,6,'2020-08-28 20:58:02'),(2,1,3,'2020-09-01 21:11:06'),(4,1,1,'2020-09-07 21:26:07'),(5,1,4,'2020-09-09 21:30:51'),(6,1,2,'2020-09-12 21:36:55'),(7,1,7,'2020-09-14 23:21:39'),(8,4,5,'2020-09-17 13:00:46'),(11,1,5,'2020-09-20 13:13:22'),(12,30,3,'2020-09-23 10:49:20');
/*!40000 ALTER TABLE `studentachievements` ENABLE KEYS */;
UNLOCK TABLES;

--
-- Table structure for table `studentmodules`
--

DROP TABLE IF EXISTS `studentmodules`;
/*!40101 SET @saved_cs_client     = @@character_set_client */;
/*!50503 SET character_set_client = utf8mb4 */;
CREATE TABLE `studentmodules` (
  `ID` int NOT NULL AUTO_INCREMENT,
  `studentID` int NOT NULL,
  `moduleID` int NOT NULL,
  PRIMARY KEY (`ID`),
  KEY `fk_studentsModules_students_idx` (`studentID`),
  KEY `fk_studentModules_modules_idx` (`moduleID`),
  CONSTRAINT `fk_studentModules_modules` FOREIGN KEY (`moduleID`) REFERENCES `modules` (`moduleID`),
  CONSTRAINT `fk_studentsModules_students` FOREIGN KEY (`studentID`) REFERENCES `students` (`studentID`)
) ENGINE=InnoDB AUTO_INCREMENT=436 DEFAULT CHARSET=utf8;
/*!40101 SET character_set_client = @saved_cs_client */;

--
-- Dumping data for table `studentmodules`
--

LOCK TABLES `studentmodules` WRITE;
/*!40000 ALTER TABLE `studentmodules` DISABLE KEYS */;
INSERT INTO `studentmodules` VALUES (1,1,1),(2,2,183),(3,3,67),(4,4,8),(5,1,36),(6,2,175),(7,3,72),(8,4,17),(9,1,8),(10,2,174),(11,3,67),(12,4,34),(13,1,3),(14,2,169),(15,3,73),(16,4,19),(17,1,9),(18,2,167),(19,3,52),(20,4,2),(21,1,7),(22,2,177),(23,3,60),(24,4,3),(25,5,8),(26,6,36),(27,7,33),(28,8,33),(29,9,36),(30,10,24),(31,11,28),(32,12,14),(33,13,10),(34,14,23),(35,15,1),(36,16,11),(37,17,29),(38,18,36),(39,19,20),(40,20,17),(41,21,12),(42,22,21),(43,23,10),(44,24,24),(45,25,33),(46,26,37),(47,27,33),(48,28,32),(49,29,27),(50,30,7),(51,31,24),(52,32,34),(53,33,2),(54,34,19),(55,35,28),(56,36,1),(57,37,37),(58,38,13),(59,39,3),(60,40,37),(61,41,1),(62,42,5),(63,43,11),(64,44,23),(65,45,5),(66,46,33),(67,47,29),(68,48,22),(69,49,31),(70,50,1),(71,51,6),(72,52,27),(73,53,18),(74,54,37),(75,55,10),(76,56,26),(77,57,8),(78,58,1),(79,59,11),(80,60,13),(81,61,18),(82,62,3),(83,63,29),(84,64,28),(85,65,11),(86,66,9),(87,67,14),(88,68,14),(89,69,17),(90,70,25),(91,71,21),(92,72,20),(93,73,11),(94,74,32),(95,75,33),(96,76,21),(97,77,34),(98,78,19),(99,79,22),(100,80,24),(101,81,3),(102,82,12),(103,83,27),(104,84,2),(105,85,36),(106,86,1),(107,87,6),(108,88,11),(109,89,24),(110,90,1),(111,91,36),(112,92,24),(113,93,20),(114,94,8),(115,95,33),(116,96,21),(117,97,7),(118,98,22),(119,99,24),(120,100,25),(121,101,20),(122,102,12),(123,103,16),(124,104,32),(125,105,12),(126,106,2),(127,107,34),(128,108,14),(129,109,28),(130,110,4),(131,111,34),(132,112,5),(133,113,20),(134,114,30),(135,115,18),(136,116,9),(137,117,12),(138,118,11),(139,119,20),(140,120,6),(141,121,10),(142,122,30),(143,123,32),(144,124,11),(145,125,22),(146,126,24),(147,127,25),(148,128,6),(149,129,19),(150,130,33),(151,131,27),(152,132,22),(153,133,34),(154,134,3),(155,135,2),(156,136,14),(157,137,21),(158,138,22),(159,139,14),(160,140,13),(161,141,11),(162,142,20),(163,143,31),(164,144,18),(165,5,6),(166,6,21),(167,7,11),(168,8,11),(169,9,29),(170,10,4),(171,11,16),(172,12,3),(173,13,27),(174,14,19),(175,15,24),(176,16,29),(177,17,10),(178,18,29),(179,19,32),(180,20,34),(181,21,10),(182,22,27),(183,23,23),(184,24,7),(185,25,15),(186,26,7),(187,27,30),(188,28,1),(189,29,22),(190,30,34),(191,31,22),(192,33,34),(193,34,33),(194,35,31),(195,36,12),(196,37,30),(197,38,31),(198,39,31),(199,40,4),(200,41,31),(201,42,16),(202,43,31),(203,44,7),(204,45,9),(205,46,23),(206,47,23),(207,48,29),(208,49,21),(209,50,10),(210,51,4),(211,52,4),(212,53,35),(213,54,2),(214,55,33),(215,56,24),(216,57,33),(217,58,33),(218,59,10),(219,60,27),(220,61,33),(221,62,2),(222,63,11),(223,64,12),(224,65,2),(225,66,1),(226,67,12),(227,68,22),(228,69,35),(229,70,5),(230,71,7),(231,72,22),(232,73,6),(233,74,21),(234,75,7),(235,76,1),(236,77,16),(237,78,3),(238,79,18),(239,80,25),(240,81,16),(241,82,14),(242,83,24),(243,84,37),(244,85,2),(245,86,30),(246,87,20),(247,88,35),(248,89,21),(249,90,35),(250,91,9),(251,92,26),(252,93,13),(253,94,37),(254,95,9),(255,96,29),(256,97,10),(257,98,31),(258,99,13),(259,100,22),(260,101,14),(261,102,8),(262,103,32),(263,104,3),(264,105,28),(265,106,4),(266,107,36),(267,108,22),(268,109,13),(269,110,35),(270,111,13),(271,112,4),(272,113,22),(273,115,25),(274,116,14),(275,117,14),(276,118,21),(277,119,10),(278,120,12),(279,121,12),(280,122,16),(281,123,30),(282,124,12),(283,125,32),(284,126,19),(285,127,12),(286,128,2),(287,129,28),(288,130,9),(289,131,18),(290,132,33),(291,133,15),(292,134,18),(293,135,37),(294,136,12),(295,137,10),(296,138,7),(297,139,21),(298,140,15),(299,141,8),(300,142,36),(301,143,1),(302,144,8),(303,5,5),(304,6,30),(305,7,10),(306,8,6),(307,9,26),(308,10,7),(309,11,33),(310,12,34),(311,13,33),(312,14,20),(313,15,9),(314,16,10),(315,17,15),(316,18,24),(317,19,25),(318,20,26),(319,21,24),(320,22,5),(321,23,28),(322,24,14),(323,25,35),(324,26,32),(325,27,7),(326,28,10),(327,29,11),(328,30,31),(329,31,14),(330,32,35),(331,33,26),(332,34,28),(333,35,7),(334,36,11),(335,37,9),(336,39,20),(337,40,10),(338,41,27),(339,42,32),(340,43,7),(341,44,26),(342,45,11),(343,46,15),(344,47,5),(345,48,1),(346,49,35),(347,50,30),(348,52,30),(349,53,19),(350,54,19),(351,55,31),(352,56,21),(353,57,24),(354,58,13),(355,59,15),(356,60,24),(357,61,5),(358,62,27),(359,63,8),(360,64,17),(361,65,31),(362,66,13),(363,67,37),(364,68,33),(365,69,2),(366,70,1),(367,71,13),(368,72,6),(369,73,26),(370,74,20),(371,75,31),(372,76,11),(373,77,37),(374,78,25),(375,79,16),(376,80,1),(377,81,22),(378,82,21),(379,83,18),(380,84,27),(381,85,18),(382,86,8),(383,87,29),(384,88,5),(385,89,20),(386,90,9),(387,91,8),(388,92,14),(389,93,37),(390,94,14),(391,96,36),(392,97,32),(393,98,7),(394,99,10),(395,101,29),(396,102,37),(397,103,34),(398,104,35),(399,105,13),(400,106,14),(401,107,16),(402,108,30),(403,109,12),(404,111,22),(405,114,25),(406,115,12),(407,116,12),(408,117,26),(409,119,6),(410,120,31),(411,121,13),(412,122,11),(413,123,29),(414,124,10),(415,125,18),(416,126,2),(417,127,31),(418,128,22),(419,129,24),(420,130,19),(421,131,3),(422,132,10),(423,133,2),(424,134,28),(425,135,21),(426,136,33),(427,137,32),(428,138,16),(429,139,27),(430,140,4),(431,141,16),(432,142,5),(433,143,18),(434,144,1),(435,4,1);
/*!40000 ALTER TABLE `studentmodules` ENABLE KEYS */;
UNLOCK TABLES;

--
-- Table structure for table `students`
--

DROP TABLE IF EXISTS `students`;
/*!40101 SET @saved_cs_client     = @@character_set_client */;
/*!50503 SET character_set_client = utf8mb4 */;
CREATE TABLE `students` (
  `studentID` int NOT NULL,
  `universityID` int NOT NULL,
  `degree_title` varchar(45) NOT NULL,
  `first_name` varchar(45) NOT NULL,
  `last_name` varchar(45) NOT NULL,
  `email` varchar(45) NOT NULL,
  `degree_qualification` varchar(45) DEFAULT NULL,
  PRIMARY KEY (`studentID`),
  UNIQUE KEY `email_UNIQUE` (`email`),
  KEY `universityID_idx` (`universityID`),
  CONSTRAINT `fk_students_universities` FOREIGN KEY (`universityID`) REFERENCES `universities` (`universityID`),
  CONSTRAINT `fk_students_users` FOREIGN KEY (`studentID`) REFERENCES `users` (`id`)
) ENGINE=InnoDB DEFAULT CHARSET=utf8;
/*!40101 SET character_set_client = @saved_cs_client */;

--
-- Dumping data for table `students`
--

LOCK TABLES `students` WRITE;
/*!40000 ALTER TABLE `students` DISABLE KEYS */;
INSERT INTO `students` VALUES (1,18643,'Computer Science','Richard','Glass','richard.glass@ucl.ac.uk','MSc'),(2,76543,'Data Science','Brandon','Lee','brandon.lee@bath.ac.uk','MSc'),(3,28453,'Medicine','Ahmed','Naqvi','ahmed.naqvi@imperial.ac.uk','MBBS'),(4,18643,'Computer Science','Ethan','Fraenkel','ethan.fraenkel@ucl.ac.uk','MSc'),(5,18643,'Computer Science','Shayne','Ciccetti','shayne.ciccetti@ucl.ac.uk','MSc'),(6,18643,'Computer Science','Roxie','Tooting','roxie.tooting@ucl.ac.uk','MSc'),(7,18643,'Computer Science','Murielle','McAllen','murielle.mcallen@ucl.ac.uk','MSc'),(8,18643,'Computer Science','Candice','Keer','candice.keer@ucl.ac.uk','MSc'),(9,18643,'Computer Science','Raynor','Romme','raynor.romme@ucl.ac.uk','MSc'),(10,18643,'Computer Science','Karee','Asbrey','karee.asbrey@ucl.ac.uk','MSc'),(11,18643,'Computer Science','Stormi','Lawles','stormi.lawles@ucl.ac.uk','MSc'),(12,18643,'Computer Science','Bradford','Zammitt','bradford.zammitt@ucl.ac.uk','MSc'),(13,18643,'Computer Science','Jeramie','Dundendale','jeramie.dundendale@ucl.ac.uk','MSc'),(14,18643,'Computer Science','Victoria','Lamdin','victoria.lamdin@ucl.ac.uk','MSc'),(15,18643,'Computer Science','Thalia','Rulten','thalia.rulten@ucl.ac.uk','MSc'),(16,18643,'Computer Science','Sharia','Nizet','sharia.nizet@ucl.ac.uk','MSc'),(17,18643,'Computer Science','Gilberto','Kaminski','gilberto.kaminski@ucl.ac.uk','MSc'),(18,18643,'Computer Science','Tristan','Silvermann','tristan.silvermann@ucl.ac.uk','MSc'),(19,18643,'Computer Science','Jane','Sulley','jane.sulley@ucl.ac.uk','MSc'),(20,18643,'Computer Science','Karoly','Dymock','karoly.dymock@ucl.ac.uk','MSc'),(21,18643,'Computer Science','Alexandre','MacAughtrie','alexandre.macaughtrie@ucl.ac.uk','MSc'),(22,18643,'Computer Science','Leon','Brucker','leon.brucker@ucl.ac.uk','MSc'),(23,18643,'Computer Science','Orsa','Alexandrescu','orsa.alexandrescu@ucl.ac.uk','MSc'),(24,18643,'Computer Science','Jill','Baum','jill.baum@ucl.ac.uk','MSc'),(25,18643,'Computer Science','Helge','Radley','helge.radley@ucl.ac.uk','MSc'),(26,18643,'Computer Science','Lauren','Indge','lauren.indge@ucl.ac.uk','MSc'),(27,18643,'Computer Science','Hasty','Chree','hasty.chree@ucl.ac.uk','MSc'),(28,18643,'Computer Science','Adolph','Still','adolph.still@ucl.ac.uk','MSc'),(29,18643,'Computer Science','Klara','Ends','klara.ends@ucl.ac.uk','MSc'),(30,18643,'Computer Science','Lionel','Ginglell','lionel.ginglell@ucl.ac.uk','MSc'),(31,18643,'Computer Science','Robenia','Baseley','robenia.baseley@ucl.ac.uk','MSc'),(32,18643,'Computer Science','Alida','Nettle','alida.nettle@ucl.ac.uk','MSc'),(33,18643,'Computer Science','Clementius','Sefton','clementius.sefton@ucl.ac.uk','MSc'),(34,18643,'Computer Science','Carlita','Wardhough','carlita.wardhough@ucl.ac.uk','MSc'),(35,18643,'Computer Science','Melody','Rolin','melody.rolin@ucl.ac.uk','MSc'),(36,18643,'Computer Science','Rosalyn','Goldsberry','rosalyn.goldsberry@ucl.ac.uk','MSc'),(37,18643,'Computer Science','Eugenie','Morit','eugenie.morit@ucl.ac.uk','MSc'),(38,18643,'Computer Science','Martguerita','Gareisr','martguerita.gareisr@ucl.ac.uk','MSc'),(39,18643,'Computer Science','Sibley','Agutter','sibley.agutter@ucl.ac.uk','MSc'),(40,18643,'Computer Science','Miguela','Tarzey','miguela.tarzey@ucl.ac.uk','MSc'),(41,18643,'Computer Science','Bartel','Dungey','bartel.dungey@ucl.ac.uk','MSc'),(42,18643,'Computer Science','Matti','Kenneway','matti.kenneway@ucl.ac.uk','MSc'),(43,18643,'Computer Science','Jobina','Bardell','jobina.bardell@ucl.ac.uk','MSc'),(44,18643,'Computer Science','Callida','Euplate','callida.euplate@ucl.ac.uk','MSc'),(45,18643,'Computer Science','Bentlee','Bunclark','bentlee.bunclark@ucl.ac.uk','MSc'),(46,18643,'Computer Science','Evangelina','Croome','evangelina.croome@ucl.ac.uk','MSc'),(47,18643,'Computer Science','Rania','Mendenhall','rania.mendenhall@ucl.ac.uk','MSc'),(48,18643,'Computer Science','Jareb','Plose','jareb.plose@ucl.ac.uk','MSc'),(49,18643,'Computer Science','Allan','MacLeese','allan.macleese@ucl.ac.uk','MSc'),(50,18643,'Computer Science','Bethina','Stare','bethina.stare@ucl.ac.uk','MSc'),(51,18643,'Computer Science','Morrie','Lapree','morrie.lapree@ucl.ac.uk','MSc'),(52,18643,'Computer Science','Karly','Thorburn','karly.thorburn@ucl.ac.uk','MSc'),(53,18643,'Computer Science','My','Sleightholm','my.sleightholm@ucl.ac.uk','MSc'),(54,18643,'Computer Science','Lorry','Pepperill','lorry.pepperill@ucl.ac.uk','MSc'),(55,18643,'Computer Science','Brandie','Gantzer','brandie.gantzer@ucl.ac.uk','MSc'),(56,18643,'Computer Science','Vyky','Das','vyky.das@ucl.ac.uk','MSc'),(57,18643,'Computer Science','Tibold','Baudinelli','tibold.baudinelli@ucl.ac.uk','MSc'),(58,18643,'Computer Science','Jon','Rait','jon.rait@ucl.ac.uk','MSc'),(59,18643,'Computer Science','Leone','Gutherson','leone.gutherson@ucl.ac.uk','MSc'),(60,18643,'Computer Science','Garwood','Wipper','garwood.wipper@ucl.ac.uk','MSc'),(61,18643,'Computer Science','Em','Drissell','em.drissell@ucl.ac.uk','MSc'),(62,18643,'Computer Science','Sherlock','Mantha','sherlock.mantha@ucl.ac.uk','MSc'),(63,18643,'Computer Science','Ulrika','Gotcliff','ulrika.gotcliff@ucl.ac.uk','MSc'),(64,18643,'Computer Science','Alexandr','Aggiss','alexandr.aggiss@ucl.ac.uk','MSc'),(65,18643,'Computer Science','Sinclair','Connett','sinclair.connett@ucl.ac.uk','MSc'),(66,18643,'Computer Science','Nathan','Dymidowski','stinky.dymidowski@ucl.ac.uk','MSc'),(67,18643,'Computer Science','Kamillah','Messer','kamillah.messer@ucl.ac.uk','MSc'),(68,18643,'Computer Science','Clemmie','Gow','clemmie.gow@ucl.ac.uk','MSc'),(69,18643,'Computer Science','Ado','Matussow','ado.matussow@ucl.ac.uk','MSc'),(70,18643,'Computer Science','June','Bolliver','june.bolliver@ucl.ac.uk','MSc'),(71,18643,'Computer Science','Tova','Leyfield','tova.leyfield@ucl.ac.uk','MSc'),(72,18643,'Computer Science','Rancell','Dearnaley','rancell.dearnaley@ucl.ac.uk','MSc'),(73,18643,'Computer Science','Fey','Jinda','fey.jinda@ucl.ac.uk','MSc'),(74,18643,'Computer Science','Matti','Rolingson','matti.rolingson@ucl.ac.uk','MSc'),(75,18643,'Computer Science','Therine','McTurk','therine.mcturk@ucl.ac.uk','MSc'),(76,18643,'Computer Science','Kala','Dabling','kala.dabling@ucl.ac.uk','MSc'),(77,18643,'Computer Science','Ardine','Hustings','ardine.hustings@ucl.ac.uk','MSc'),(78,18643,'Computer Science','Lorne','Farmar','lorne.farmar@ucl.ac.uk','MSc'),(79,18643,'Computer Science','Smith','Amberson','smith.amberson@ucl.ac.uk','MSc'),(80,18643,'Computer Science','Ario','Goodall','ario.goodall@ucl.ac.uk','MSc'),(81,18643,'Computer Science','Claretta','Haking','claretta.haking@ucl.ac.uk','MSc'),(82,18643,'Computer Science','Salomi','Hodgets','salomi.hodgets@ucl.ac.uk','MSc'),(83,18643,'Computer Science','Jasun','Wardhaugh','jasun.wardhaugh@ucl.ac.uk','MSc'),(84,18643,'Computer Science','Ollie','Owthwaite','ollie.owthwaite@ucl.ac.uk','MSc'),(85,18643,'Computer Science','Lorenza','Scarffe','lorenza.scarffe@ucl.ac.uk','MSc'),(86,18643,'Computer Science','Alfreda','Mountcastle','alfreda.mountcastle@ucl.ac.uk','MSc'),(87,18643,'Computer Science','Janenna','Hanselman','janenna.hanselman@ucl.ac.uk','MSc'),(88,18643,'Computer Science','Sybille','Salery','sybille.salery@ucl.ac.uk','MSc'),(89,18643,'Computer Science','Shelba','Crossdale','shelba.crossdale@ucl.ac.uk','MSc'),(90,18643,'Computer Science','Sibylle','Lampaert','sibylle.lampaert@ucl.ac.uk','MSc'),(91,18643,'Computer Science','Daphne','Woodstock','daphne.woodstock@ucl.ac.uk','MSc'),(92,18643,'Computer Science','Crysta','Code','crysta.code@ucl.ac.uk','MSc'),(93,18643,'Computer Science','Lazaro','Tomaszczyk','lazaro.tomaszczyk@ucl.ac.uk','MSc'),(94,18643,'Computer Science','Neddie','Hainge','neddie.hainge@ucl.ac.uk','MSc'),(95,18643,'Computer Science','Murry','Munby','murry.munby@ucl.ac.uk','MSc'),(96,18643,'Computer Science','Misha','Bathurst','misha.bathurst@ucl.ac.uk','MSc'),(97,18643,'Computer Science','Monte','Grenter','monte.grenter@ucl.ac.uk','MSc'),(98,18643,'Computer Science','Ellyn','Haps','ellyn.haps@ucl.ac.uk','MSc'),(99,18643,'Computer Science','Julietta','Dory','julietta.dory@ucl.ac.uk','MSc'),(100,18643,'Computer Science','Alvera','Hawtry','alvera.hawtry@ucl.ac.uk','MSc'),(101,18643,'Computer Science','Candy','Maplethorp','candy.maplethorp@ucl.ac.uk','MSc'),(102,18643,'Computer Science','Hugibert','Sawers','hugibert.sawers@ucl.ac.uk','MSc'),(103,18643,'Computer Science','Maud','Tows','maud.tows@ucl.ac.uk','MSc'),(104,18643,'Computer Science','Francyne','Caunter','francyne.caunter@ucl.ac.uk','MSc'),(105,18643,'Computer Science','Konstantine','Ives','konstantine.ives@ucl.ac.uk','MSc'),(106,18643,'Computer Science','Winfield','Ablewhite','winfield.ablewhite@ucl.ac.uk','MSc'),(107,18643,'Computer Science','Petronille','Notti','petronille.notti@ucl.ac.uk','MSc'),(108,18643,'Computer Science','Mark','Podmore','mark.podmore@ucl.ac.uk','MSc'),(109,18643,'Computer Science','Base','Follet','base.follet@ucl.ac.uk','MSc'),(110,18643,'Computer Science','Samuel','Brahms','samuel.brahms@ucl.ac.uk','MSc'),(111,18643,'Computer Science','Danella','Mateus','danella.mateus@ucl.ac.uk','MSc'),(112,18643,'Computer Science','Kristen','Jojic','kristen.jojic@ucl.ac.uk','MSc'),(113,18643,'Computer Science','Effie','Lawton','effie.lawton@ucl.ac.uk','MSc'),(114,18643,'Computer Science','Hubert','Lansdown','hubert.lansdown@ucl.ac.uk','MSc'),(115,18643,'Computer Science','Con','Osgerby','con.osgerby@ucl.ac.uk','MSc'),(116,18643,'Computer Science','Lincoln','Doumic','lincoln.doumic@ucl.ac.uk','MSc'),(117,18643,'Computer Science','Edie','Windmill','edie.windmill@ucl.ac.uk','MSc'),(118,18643,'Computer Science','Celia','Davitt','celia.davitt@ucl.ac.uk','MSc'),(119,18643,'Computer Science','Basil','Sharrock','basil.sharrock@ucl.ac.uk','MSc'),(120,18643,'Computer Science','Pru','Rooke','pru.rooke@ucl.ac.uk','MSc'),(121,18643,'Computer Science','Valenka','Ceney','valenka.ceney@ucl.ac.uk','MSc'),(122,18643,'Computer Science','Eugen','Please','eugen.please@ucl.ac.uk','MSc'),(123,18643,'Computer Science','Jewell','Zanioletti','jewell.zanioletti@ucl.ac.uk','MSc'),(124,18643,'Computer Science','Elbertine','Feakins','elbertine.feakins@ucl.ac.uk','MSc'),(125,18643,'Computer Science','Norry','Dewsbury','norry.dewsbury@ucl.ac.uk','MSc'),(126,18643,'Computer Science','Carmen','Lesor','carmen.lesor@ucl.ac.uk','MSc'),(127,18643,'Computer Science','Zacherie','Minthorpe','zacherie.minthorpe@ucl.ac.uk','MSc'),(128,18643,'Computer Science','Merrielle','De Zuani','merrielle.de zuani@ucl.ac.uk','MSc'),(129,18643,'Computer Science','Thorvald','Wattam','thorvald.wattam@ucl.ac.uk','MSc'),(130,18643,'Computer Science','Blondie','Logue','blondie.logue@ucl.ac.uk','MSc'),(131,18643,'Computer Science','Alford','Billingsly','alford.billingsly@ucl.ac.uk','MSc'),(132,18643,'Computer Science','Osborne','Paxman','osborne.paxman@ucl.ac.uk','MSc'),(133,18643,'Computer Science','Napoleon','Heady','napoleon.heady@ucl.ac.uk','MSc'),(134,18643,'Computer Science','Meredith','Rossoni','meredith.rossoni@ucl.ac.uk','MSc'),(135,18643,'Computer Science','Kora','Emeny','kora.emeny@ucl.ac.uk','MSc'),(136,18643,'Computer Science','Anne','Ullrich','anne.ullrich@ucl.ac.uk','MSc'),(137,18643,'Computer Science','Ginnie','Pallister','ginnie.pallister@ucl.ac.uk','MSc'),(138,18643,'Computer Science','Prince','Caress','prince.caress@ucl.ac.uk','MSc'),(139,18643,'Computer Science','Erroll','Hofton','erroll.hofton@ucl.ac.uk','MSc'),(140,18643,'Computer Science','Obed','Spennock','obed.spennock@ucl.ac.uk','MSc'),(141,18643,'Computer Science','Fernando','Grimsdith','fernando.grimsdith@ucl.ac.uk','MSc'),(142,18643,'Computer Science','Josie','Zute','josie.zute@ucl.ac.uk','MSc'),(143,18643,'Computer Science','Tobe','Lorraine','tobe.lorraine@ucl.ac.uk','MSc'),(144,18643,'Computer Science','Clemens','Silverston','clemens.silverston@ucl.ac.uk','MSc');
/*!40000 ALTER TABLE `students` ENABLE KEYS */;
UNLOCK TABLES;

--
-- Table structure for table `threads`
--

DROP TABLE IF EXISTS `threads`;
/*!40101 SET @saved_cs_client     = @@character_set_client */;
/*!50503 SET character_set_client = utf8mb4 */;
CREATE TABLE `threads` (
  `threadID` int NOT NULL AUTO_INCREMENT,
  `moduleID` int NOT NULL,
  `title` varchar(45) NOT NULL,
  `timestamp` datetime DEFAULT NULL,
  PRIMARY KEY (`threadID`),
  KEY `moduleID_idx` (`moduleID`),
  CONSTRAINT `fk_threads_modules` FOREIGN KEY (`moduleID`) REFERENCES `modules` (`moduleID`) ON DELETE CASCADE
) ENGINE=InnoDB AUTO_INCREMENT=18 DEFAULT CHARSET=utf8;
/*!40101 SET character_set_client = @saved_cs_client */;

--
-- Dumping data for table `threads`
--

LOCK TABLES `threads` WRITE;
/*!40000 ALTER TABLE `threads` DISABLE KEYS */;
INSERT INTO `threads` VALUES (2,1,'Lambda Calculus','2020-08-27 15:10:23'),(13,24,'Lecture 1 Discussion','2020-09-16 01:46:25'),(15,1,'Lecture 1 Discussion','2020-09-18 12:30:07'),(17,1,'Lecture 2 Discussion','2020-09-23 10:04:44');
/*!40000 ALTER TABLE `threads` ENABLE KEYS */;
UNLOCK TABLES;

--
-- Table structure for table `universities`
--

DROP TABLE IF EXISTS `universities`;
/*!40101 SET @saved_cs_client     = @@character_set_client */;
/*!50503 SET character_set_client = utf8mb4 */;
CREATE TABLE `universities` (
  `universityID` int NOT NULL,
  `name` varchar(45) NOT NULL,
  `email_suffix` varchar(45) NOT NULL,
  PRIMARY KEY (`universityID`)
) ENGINE=InnoDB DEFAULT CHARSET=utf8;
/*!40101 SET character_set_client = @saved_cs_client */;

--
-- Dumping data for table `universities`
--

LOCK TABLES `universities` WRITE;
/*!40000 ALTER TABLE `universities` DISABLE KEYS */;
INSERT INTO `universities` VALUES (18643,'University College London','ucl.ac.uk'),(28453,'Imperial College London','imperial.ac.uk'),(32145,'University of Surrey','surrey.ac.uk'),(43920,'University of Warwick','warwick.ac.uk'),(76543,'University of Bath','bath.ac.uk');
/*!40000 ALTER TABLE `universities` ENABLE KEYS */;
UNLOCK TABLES;

--
-- Table structure for table `users`
--

DROP TABLE IF EXISTS `users`;
/*!40101 SET @saved_cs_client     = @@character_set_client */;
/*!50503 SET character_set_client = utf8mb4 */;
CREATE TABLE `users` (
  `id` int NOT NULL,
  `email` varchar(45) NOT NULL,
  `password` varchar(45) NOT NULL,
  `role` varchar(45) NOT NULL,
  PRIMARY KEY (`id`),
  UNIQUE KEY `id_UNIQUE` (`id`)
) ENGINE=InnoDB DEFAULT CHARSET=utf8;
/*!40101 SET character_set_client = @saved_cs_client */;

--
-- Dumping data for table `users`
--

LOCK TABLES `users` WRITE;
/*!40000 ALTER TABLE `users` DISABLE KEYS */;
INSERT INTO `users` VALUES (1,'richard.glass@ucl.ac.uk','password','student'),(2,'brandon.lee@bath.ac.uk','password','student'),(3,'ahmed.naqvi@imperial.ac.uk','password','student'),(4,'ethan.fraenkel@ucl.ac.uk','password','student'),(5,'shayne.ciccetti@ucl.ac.uk','password','student'),(6,'roxie.tooting@ucl.ac.uk','password','student'),(7,'murielle.mcallen@ucl.ac.uk','password','student'),(8,'candice.keer@ucl.ac.uk','password','student'),(9,'raynor.romme@ucl.ac.uk','password','student'),(10,'karee.asbrey@ucl.ac.uk','password','student'),(11,'stormi.lawles@ucl.ac.uk','password','student'),(12,'bradford.zammitt@ucl.ac.uk','password','student'),(13,'jeramie.dundendale@ucl.ac.uk','password','student'),(14,'victoria.lamdin@ucl.ac.uk','password','student'),(15,'thalia.rulten@ucl.ac.uk','password','student'),(16,'sharia.nizet@ucl.ac.uk','password','student'),(17,'gilberto.kaminski@ucl.ac.uk','password','student'),(18,'tristan.silvermann@ucl.ac.uk','password','student'),(19,'jane.sulley@ucl.ac.uk','password','student'),(20,'karoly.dymock@ucl.ac.uk','password','student'),(21,'alexandre.macaughtrie@ucl.ac.uk','password','student'),(22,'leon.brucker@ucl.ac.uk','password','student'),(23,'orsa.alexandrescu@ucl.ac.uk','password','student'),(24,'jill.baum@ucl.ac.uk','password','student'),(25,'helge.radley@ucl.ac.uk','password','student'),(26,'lauren.indge@ucl.ac.uk','password','student'),(27,'hasty.chree@ucl.ac.uk','password','student'),(28,'adolph.still@ucl.ac.uk','password','student'),(29,'klara.ends@ucl.ac.uk','password','student'),(30,'lionel.ginglell@ucl.ac.uk','password','student'),(31,'robenia.baseley@ucl.ac.uk','password','student'),(32,'alida.nettle@ucl.ac.uk','password','student'),(33,'clementius.sefton@ucl.ac.uk','password','student'),(34,'carlita.wardhough@ucl.ac.uk','password','student'),(35,'melody.rolin@ucl.ac.uk','password','student'),(36,'rosalyn.goldsberry@ucl.ac.uk','password','student'),(37,'eugenie.morit@ucl.ac.uk','password','student'),(38,'martguerita.gareisr@ucl.ac.uk','password','student'),(39,'sibley.agutter@ucl.ac.uk','password','student'),(40,'miguela.tarzey@ucl.ac.uk','password','student'),(41,'bartel.dungey@ucl.ac.uk','password','student'),(42,'matti.kenneway@ucl.ac.uk','password','student'),(43,'jobina.bardell@ucl.ac.uk','password','student'),(44,'callida.euplate@ucl.ac.uk','password','student'),(45,'bentlee.bunclark@ucl.ac.uk','password','student'),(46,'evangelina.croome@ucl.ac.uk','password','student'),(47,'rania.mendenhall@ucl.ac.uk','password','student'),(48,'jareb.plose@ucl.ac.uk','password','student'),(49,'allan.macleese@ucl.ac.uk','password','student'),(50,'bethina.stare@ucl.ac.uk','password','student'),(51,'morrie.lapree@ucl.ac.uk','password','student'),(52,'karly.thorburn@ucl.ac.uk','password','student'),(53,'my.sleightholm@ucl.ac.uk','password','student'),(54,'lorry.pepperill@ucl.ac.uk','password','student'),(55,'brandie.gantzer@ucl.ac.uk','password','student'),(56,'vyky.das@ucl.ac.uk','password','student'),(57,'tibold.baudinelli@ucl.ac.uk','password','student'),(58,'jon.rait@ucl.ac.uk','password','student'),(59,'leone.gutherson@ucl.ac.uk','password','student'),(60,'garwood.wipper@ucl.ac.uk','password','student'),(61,'em.drissell@ucl.ac.uk','password','student'),(62,'sherlock.mantha@ucl.ac.uk','password','student'),(63,'ulrika.gotcliff@ucl.ac.uk','password','student'),(64,'alexandr.aggiss@ucl.ac.uk','password','student'),(65,'sinclair.connett@ucl.ac.uk','password','student'),(66,'stinky.dymidowski@ucl.ac.uk','password','student'),(67,'kamillah.messer@ucl.ac.uk','password','student'),(68,'clemmie.gow@ucl.ac.uk','password','student'),(69,'ado.matussow@ucl.ac.uk','password','student'),(70,'june.bolliver@ucl.ac.uk','password','student'),(71,'tova.leyfield@ucl.ac.uk','password','student'),(72,'rancell.dearnaley@ucl.ac.uk','password','student'),(73,'fey.jinda@ucl.ac.uk','password','student'),(74,'matti.rolingson@ucl.ac.uk','password','student'),(75,'therine.mcturk@ucl.ac.uk','password','student'),(76,'kala.dabling@ucl.ac.uk','password','student'),(77,'ardine.hustings@ucl.ac.uk','password','student'),(78,'lorne.farmar@ucl.ac.uk','password','student'),(79,'smith.amberson@ucl.ac.uk','password','student'),(80,'ario.goodall@ucl.ac.uk','password','student'),(81,'claretta.haking@ucl.ac.uk','password','student'),(82,'salomi.hodgets@ucl.ac.uk','password','student'),(83,'jasun.wardhaugh@ucl.ac.uk','password','student'),(84,'ollie.owthwaite@ucl.ac.uk','password','student'),(85,'lorenza.scarffe@ucl.ac.uk','password','student'),(86,'alfreda.mountcastle@ucl.ac.uk','password','student'),(87,'janenna.hanselman@ucl.ac.uk','password','student'),(88,'sybille.salery@ucl.ac.uk','password','student'),(89,'shelba.crossdale@ucl.ac.uk','password','student'),(90,'sibylle.lampaert@ucl.ac.uk','password','student'),(91,'daphne.woodstock@ucl.ac.uk','password','student'),(92,'crysta.code@ucl.ac.uk','password','student'),(93,'lazaro.tomaszczyk@ucl.ac.uk','password','student'),(94,'neddie.hainge@ucl.ac.uk','password','student'),(95,'murry.munby@ucl.ac.uk','password','student'),(96,'misha.bathurst@ucl.ac.uk','password','student'),(97,'monte.grenter@ucl.ac.uk','password','student'),(98,'ellyn.haps@ucl.ac.uk','password','student'),(99,'julietta.dory@ucl.ac.uk','password','student'),(100,'alvera.hawtry@ucl.ac.uk','password','student'),(101,'candy.maplethorp@ucl.ac.uk','password','student'),(102,'hugibert.sawers@ucl.ac.uk','password','student'),(103,'maud.tows@ucl.ac.uk','password','student'),(104,'francyne.caunter@ucl.ac.uk','password','student'),(105,'konstantine.ives@ucl.ac.uk','password','student'),(106,'winfield.ablewhite@ucl.ac.uk','password','student'),(107,'petronille.notti@ucl.ac.uk','password','student'),(108,'mark.podmore@ucl.ac.uk','password','student'),(109,'base.follet@ucl.ac.uk','password','student'),(110,'samuel.brahms@ucl.ac.uk','password','student'),(111,'danella.mateus@ucl.ac.uk','password','student'),(112,'kristen.jojic@ucl.ac.uk','password','student'),(113,'effie.lawton@ucl.ac.uk','password','student'),(114,'hubert.lansdown@ucl.ac.uk','password','student'),(115,'con.osgerby@ucl.ac.uk','password','student'),(116,'lincoln.doumic@ucl.ac.uk','password','student'),(117,'edie.windmill@ucl.ac.uk','password','student'),(118,'celia.davitt@ucl.ac.uk','password','student'),(119,'basil.sharrock@ucl.ac.uk','password','student'),(120,'pru.rooke@ucl.ac.uk','password','student'),(121,'valenka.ceney@ucl.ac.uk','password','student'),(122,'eugen.please@ucl.ac.uk','password','student'),(123,'jewell.zanioletti@ucl.ac.uk','password','student'),(124,'elbertine.feakins@ucl.ac.uk','password','student'),(125,'norry.dewsbury@ucl.ac.uk','password','student'),(126,'carmen.lesor@ucl.ac.uk','password','student'),(127,'zacherie.minthorpe@ucl.ac.uk','password','student'),(128,'merrielle.de zuani@ucl.ac.uk','password','student'),(129,'thorvald.wattam@ucl.ac.uk','password','student'),(130,'blondie.logue@ucl.ac.uk','password','student'),(131,'alford.billingsly@ucl.ac.uk','password','student'),(132,'osborne.paxman@ucl.ac.uk','password','student'),(133,'napoleon.heady@ucl.ac.uk','password','student'),(134,'meredith.rossoni@ucl.ac.uk','password','student'),(135,'kora.emeny@ucl.ac.uk','password','student'),(136,'anne.ullrich@ucl.ac.uk','password','student'),(137,'ginnie.pallister@ucl.ac.uk','password','student'),(138,'prince.caress@ucl.ac.uk','password','student'),(139,'erroll.hofton@ucl.ac.uk','password','student'),(140,'obed.spennock@ucl.ac.uk','password','student'),(141,'fernando.grimsdith@ucl.ac.uk','password','student'),(142,'josie.zute@ucl.ac.uk','password','student'),(143,'tobe.lorraine@ucl.ac.uk','password','student'),(144,'clemens.silverston@ucl.ac.uk','password','student'),(901,'kalie.lace@ucl.ac.uk','password','academic'),(902,'alysia.scripture@imperial.ac.uk','password','academic'),(903,'madelon.spickett@warwick.ac.uk','password','academic'),(904,'ilyssa.race@surrey.ac.uk','password','academic'),(905,'aldous.catcheside@bath.ac.uk','password','academic'),(906,'alyson.ackred@ucl.ac.uk','password','academic'),(907,'carola.strattan@imperial.ac.uk','password','academic'),(908,'letty.dagger@warwick.ac.uk','password','academic'),(909,'gordan.spaice@surrey.ac.uk','password','academic'),(910,'shanon.andreaccio@bath.ac.uk','password','academic'),(911,'laurens.bestman@ucl.ac.uk','password','academic'),(912,'derron.macgowan@imperial.ac.uk','password','academic'),(913,'nicky.robeson@warwick.ac.uk','password','academic'),(914,'norbie.boddam@surrey.ac.uk','password','academic'),(915,'jocelyn.shermar@bath.ac.uk','password','academic'),(916,'farica.richardes@ucl.ac.uk','password','academic'),(917,'nina.middiff@imperial.ac.uk','password','academic'),(918,'moore.bottinelli@warwick.ac.uk','password','academic'),(919,'sheba.rheubottom@surrey.ac.uk','password','academic'),(920,'natala.fawdrie@bath.ac.uk','password','academic'),(921,'genvieve.menco@ucl.ac.uk','password','academic'),(922,'mackenzie.eke@imperial.ac.uk','password','academic'),(923,'ailina.winear@warwick.ac.uk','password','academic'),(924,'hamlen.bentzen@surrey.ac.uk','password','academic'),(925,'karee.gronou@bath.ac.uk','password','academic'),(926,'sonny.cluatt@ucl.ac.uk','password','academic'),(927,'josselyn.iveans@imperial.ac.uk','password','academic'),(928,'nola.maccrossan@warwick.ac.uk','password','academic'),(929,'elsworth.dungee@surrey.ac.uk','password','academic'),(930,'karalynn.hearl@bath.ac.uk','password','academic'),(931,'david.tennant@ucl.ac.uk','password','academic');
/*!40000 ALTER TABLE `users` ENABLE KEYS */;
UNLOCK TABLES;

--
-- Table structure for table `votes`
--

DROP TABLE IF EXISTS `votes`;
/*!40101 SET @saved_cs_client     = @@character_set_client */;
/*!50503 SET character_set_client = utf8mb4 */;
CREATE TABLE `votes` (
  `id` int NOT NULL AUTO_INCREMENT,
  `commentID` int NOT NULL,
  `voterID` int NOT NULL,
  `role` varchar(45) DEFAULT NULL,
  PRIMARY KEY (`id`),
  KEY `fk_votes_users_idx` (`voterID`),
  KEY `fk_votes_comments_idx` (`commentID`),
  CONSTRAINT `fk_votes_comments` FOREIGN KEY (`commentID`) REFERENCES `comments` (`commentID`) ON DELETE CASCADE,
  CONSTRAINT `fk_votes_users` FOREIGN KEY (`voterID`) REFERENCES `users` (`id`)
) ENGINE=InnoDB AUTO_INCREMENT=61 DEFAULT CHARSET=utf8;
/*!40101 SET character_set_client = @saved_cs_client */;

--
-- Dumping data for table `votes`
--

LOCK TABLES `votes` WRITE;
/*!40000 ALTER TABLE `votes` DISABLE KEYS */;
INSERT INTO `votes` VALUES (26,1,931,'academic'),(28,5,931,'academic'),(32,4,1,'student'),(34,1,2,'student'),(35,1,3,'student'),(36,1,4,'student'),(37,1,5,'student'),(38,1,6,'student'),(46,21,1,'student'),(52,38,1,'student'),(53,2,1,'student'),(55,3,1,'student'),(56,5,1,'student'),(57,48,1,'student'),(58,48,4,'student'),(59,48,931,'academic'),(60,48,30,'student');
/*!40000 ALTER TABLE `votes` ENABLE KEYS */;
UNLOCK TABLES;
/*!40103 SET TIME_ZONE=@OLD_TIME_ZONE */;

/*!40101 SET SQL_MODE=@OLD_SQL_MODE */;
/*!40014 SET FOREIGN_KEY_CHECKS=@OLD_FOREIGN_KEY_CHECKS */;
/*!40014 SET UNIQUE_CHECKS=@OLD_UNIQUE_CHECKS */;
/*!40101 SET CHARACTER_SET_CLIENT=@OLD_CHARACTER_SET_CLIENT */;
/*!40101 SET CHARACTER_SET_RESULTS=@OLD_CHARACTER_SET_RESULTS */;
/*!40101 SET COLLATION_CONNECTION=@OLD_COLLATION_CONNECTION */;
/*!40111 SET SQL_NOTES=@OLD_SQL_NOTES */;

-- Dump completed on 2020-09-24 18:12:56
